Loading cache...done.
Loaded 3298 entries from dependency cache.
NOTE: Resolving any missing task queue dependencies

Build Configuration:
BB_VERSION           = "2.8.0"
BUILD_SYS            = "x86_64-linux"
NATIVELSBSTRING      = "ubuntu-20.04"
TARGET_SYS           = "aarch64-poky-linux"
MACHINE              = "rzv2n-evk"
DISTRO               = "rz-vlp"
DISTRO_VERSION       = "5.0.3"
TUNE_FEATURES        = "aarch64 crypto cortexa55"
TARGET_FPU           = ""
meta                 
meta-poky            
meta-yocto-bsp       = "a39380d9c:a39380d9c94a8c4e1b50c76390b08680ccd5eaaf"
meta-oe              = "64c481d017:64c481d017c1b5b5eae619a367a5e8fa00f1b156"
meta-arm-toolchain   
meta-arm             = "38bce82e42:38bce82e42ea093333a53c4a10e51d1b26cbc989"
meta-rz-bsp          
meta-rz-boards       = "scarthgap/rzv2n-dev:4316bde68a9e0519768967ecbf145bf959bbc734"

NOTE: Fetching uninative binary shim http://downloads.yoctoproject.org/releases/uninative/4.5/x86_64-nativesdk-libc-4.5.tar.xz;sha256sum=43ee6a25bcf5fce16ea87076d6a96e79ead6ced90690a058d07432f902773473 (will check PREMIRRORS first)
WARNING: Disabling uninative as unable to fetch uninative tarball: Network access disabled through BB_NO_NETWORK (or set indirectly due to use of BB_FETCH_PREMIRRORONLY) but access requested with command /usr/bin/env wget -t 2 -T 30 -O /data3/haobui/v2n/yocto_sc/build/downloads/uninative/43ee6a25bcf5fce16ea87076d6a96e79ead6ced90690a058d07432f902773473/x86_64-nativesdk-libc-4.5.tar.xz.tmp -P /data3/haobui/v2n/yocto_sc/build/downloads/uninative/43ee6a25bcf5fce16ea87076d6a96e79ead6ced90690a058d07432f902773473 'http://downloads.yoctoproject.org/releases/uninative/4.5/x86_64-nativesdk-libc-4.5.tar.xz' (for url http://downloads.yoctoproject.org/releases/uninative/4.5/x86_64-nativesdk-libc-4.5.tar.xz;sha256sum=43ee6a25bcf5fce16ea87076d6a96e79ead6ced90690a058d07432f902773473)
WARNING: To build your own uninative loader, please bitbake uninative-tarball and set UNINATIVE_TARBALL appropriately.
Initialising tasks...Sstate summary: Wanted 0 Local 0 Mirrors 0 Missed 0 Current 369 (0% match, 100% complete)
done.
NOTE: Executing Tasks
NOTE: Running task 370 of 738 (/data3/haobui/v2n/yocto_sc/build/../poky/meta/recipes-support/libgpg-error/libgpg-error_1.48.bb:do_fetch)
NOTE: Running task 371 of 738 (/data3/haobui/v2n/yocto_sc/build/../poky/meta/recipes-graphics/freetype/freetype_2.13.2.bb:do_fetch)
NOTE: Running task 372 of 738 (/data3/haobui/v2n/yocto_sc/build/../poky/meta/recipes-graphics/fontconfig/fontconfig_2.15.0.bb:do_fetch)
NOTE: Running task 373 of 738 (/data3/haobui/v2n/yocto_sc/build/../poky/meta/recipes-graphics/xorg-lib/pixman_0.42.2.bb:do_fetch)
NOTE: Running task 374 of 738 (/data3/haobui/v2n/yocto_sc/build/../poky/meta/recipes-multimedia/libpng/libpng_1.6.42.bb:do_fetch)
NOTE: Running task 375 of 738 (/data3/haobui/v2n/yocto_sc/build/../poky/meta/recipes-multimedia/libogg/libogg_1.3.5.bb:do_fetch)
NOTE: Running task 376 of 738 (/data3/haobui/v2n/yocto_sc/build/../poky/meta/recipes-multimedia/flac/flac_1.4.3.bb:do_fetch)
NOTE: Running task 377 of 738 (/data3/haobui/v2n/yocto_sc/build/../poky/meta/recipes-multimedia/libvorbis/libvorbis_1.3.7.bb:do_fetch)
NOTE: Running task 378 of 738 (virtual:native:/data3/haobui/v2n/yocto_sc/build/../poky/meta/recipes-devtools/vala/vala_0.56.15.bb:do_fetch)
NOTE: Running task 379 of 738 (virtual:native:/data3/haobui/v2n/yocto_sc/build/../poky/meta/recipes-support/libical/libical_3.0.17.bb:do_fetch)
NOTE: Running task 380 of 738 (/data3/haobui/v2n/yocto_sc/build/../poky/meta/recipes-devtools/vala/vala_0.56.15.bb:do_fetch)
NOTE: Running task 381 of 738 (virtual:native:/data3/haobui/v2n/yocto_sc/build/../poky/meta/recipes-support/icu/icu_74-2.bb:do_fetch)
NOTE: recipe freetype-2.13.2-r0: task do_fetch: Started
NOTE: recipe libpng-1.6.42-r0: task do_fetch: Started
NOTE: recipe libgpg-error-1.48-r0: task do_fetch: Started
NOTE: recipe fontconfig-2.15.0-r0: task do_fetch: Started
NOTE: recipe pixman-1_0.42.2-r0: task do_fetch: Started
NOTE: recipe libogg-1.3.5-r0: task do_fetch: Started
NOTE: recipe libvorbis-1.3.7-r0: task do_fetch: Started
NOTE: recipe flac-1.4.3-r0: task do_fetch: Started
NOTE: recipe freetype-2.13.2-r0: task do_fetch: Failed
NOTE: Running task 382 of 738 (/data3/haobui/v2n/yocto_sc/build/../poky/meta/recipes-support/libgcrypt/libgcrypt_1.10.3.bb:do_fetch)
NOTE: recipe libpng-1.6.42-r0: task do_fetch: Failed
NOTE: recipe fontconfig-2.15.0-r0: task do_fetch: Failed
NOTE: recipe libgpg-error-1.48-r0: task do_fetch: Failed
NOTE: recipe pixman-1_0.42.2-r0: task do_fetch: Failed
NOTE: recipe libogg-1.3.5-r0: task do_fetch: Failed
NOTE: recipe flac-1.4.3-r0: task do_fetch: Failed
NOTE: recipe libvorbis-1.3.7-r0: task do_fetch: Failed
NOTE: recipe vala-0.56.15-r0: task do_fetch: Started
NOTE: Running task 383 of 738 (virtual:native:/data3/haobui/v2n/yocto_sc/build/../poky/meta/recipes-extended/cracklib/cracklib_2.9.11.bb:do_fetch)
NOTE: Running task 384 of 738 (virtual:native:/data3/haobui/v2n/yocto_sc/build/../poky/meta/recipes-support/libmd/libmd_1.1.0.bb:do_fetch)
NOTE: Running task 385 of 738 (virtual:native:/data3/haobui/v2n/yocto_sc/build/../poky/meta/recipes-support/nettle/nettle_3.9.1.bb:do_fetch)
NOTE: Running task 386 of 738 (virtual:native:/data3/haobui/v2n/yocto_sc/build/../poky/meta/recipes-extended/libidn/libidn2_2.3.7.bb:do_fetch)
NOTE: Running task 387 of 738 (virtual:native:/data3/haobui/v2n/yocto_sc/build/../poky/meta/recipes-support/gnutls/libtasn1_4.19.0.bb:do_fetch)
NOTE: Running task 388 of 738 (virtual:native:/data3/haobui/v2n/yocto_sc/build/../poky/meta/recipes-support/libunistring/libunistring_1.2.bb:do_fetch)
NOTE: Running task 389 of 738 (/data3/haobui/v2n/yocto_sc/build/../poky/meta/recipes-devtools/python/python3-setuptools_69.1.1.bb:do_fetch)
NOTE: recipe vala-0.56.15-r0: task do_fetch: Failed
NOTE: Running task 390 of 738 (virtual:native:/data3/haobui/v2n/yocto_sc/build/../poky/meta/recipes-devtools/python/python3-tomli_2.0.1.bb:do_fetch)
NOTE: recipe vala-native-0.56.15-r0: task do_fetch: Started
NOTE: recipe libical-native-3.0.17-r0: task do_fetch: Started
NOTE: recipe vala-native-0.56.15-r0: task do_fetch: Failed
NOTE: recipe icu-native-74-2-r0: task do_fetch: Started
NOTE: Running task 391 of 738 (virtual:native:/data3/haobui/v2n/yocto_sc/build/../poky/meta/recipes-devtools/python/python3-pyparsing_3.1.1.bb:do_fetch)
NOTE: recipe libical-native-3.0.17-r0: task do_fetch: Failed
NOTE: Running task 392 of 738 (virtual:native:/data3/haobui/v2n/yocto_sc/build/../poky/meta/recipes-devtools/python/python3-typing-extensions_4.10.0.bb:do_fetch)
NOTE: recipe icu-native-74-2-r0: task do_fetch: Failed
NOTE: Running task 393 of 738 (/data3/haobui/v2n/yocto_sc/build/../poky/meta/recipes-support/libmpc/libmpc_1.3.1.bb:do_fetch)
NOTE: recipe libgcrypt-1.10.3-r0: task do_fetch: Started
NOTE: recipe libgcrypt-1.10.3-r0: task do_fetch: Failed
NOTE: recipe python3-setuptools-69.1.1-r0: task do_fetch: Started
NOTE: Running task 394 of 738 (virtual:native:/data3/haobui/v2n/yocto_sc/build/../poky/meta/recipes-support/itstool/itstool_2.0.7.bb:do_fetch)
NOTE: recipe cracklib-native-2.9.11-r0: task do_fetch: Started
NOTE: recipe libmd-native-1.1.0-r0: task do_fetch: Started
NOTE: recipe python3-setuptools-69.1.1-r0: task do_fetch: Failed
NOTE: recipe libunistring-native-1.2-r0: task do_fetch: Started
NOTE: Running task 395 of 738 (virtual:native:/data3/haobui/v2n/yocto_sc/build/../poky/meta/recipes-support/shared-mime-info/shared-mime-info_2.4.bb:do_fetch)
NOTE: recipe cracklib-native-2.9.11-r0: task do_fetch: Failed
NOTE: recipe libmd-native-1.1.0-r0: task do_fetch: Failed
NOTE: recipe nettle-native-3.9.1-r0: task do_fetch: Started
NOTE: recipe libidn2-native-2.3.7-r0: task do_fetch: Started
NOTE: recipe libtasn1-native-4.19.0-r0: task do_fetch: Started
NOTE: recipe libunistring-native-1.2-r0: task do_fetch: Failed
NOTE: recipe python3-tomli-native-2.0.1-r0: task do_fetch: Started
NOTE: Running task 396 of 738 (/data3/haobui/v2n/yocto_sc/build/../poky/meta/recipes-extended/timezone/tzcode-native.bb:do_fetch)
NOTE: recipe nettle-native-3.9.1-r0: task do_fetch: Failed
NOTE: recipe libidn2-native-2.3.7-r0: task do_fetch: Failed
NOTE: recipe libmpc-1.3.1-r0: task do_fetch: Started
NOTE: Running task 397 of 738 (/data3/haobui/v2n/yocto_sc/build/../poky/meta/recipes-support/mpfr/mpfr_4.2.1.bb:do_fetch)
NOTE: Running task 398 of 738 (/data3/haobui/v2n/yocto_sc/build/../poky/meta/recipes-extended/lzip/lzlib_1.14.bb:do_fetch)
NOTE: Running task 399 of 738 (/data3/haobui/v2n/yocto_sc/build/../poky/meta/recipes-devtools/tcltk/tcl_8.6.13.bb:do_fetch)
NOTE: Running task 400 of 738 (/data3/haobui/v2n/yocto_sc/build/../poky/meta/recipes-devtools/python/python3-pycairo_1.26.0.bb:do_fetch)
NOTE: recipe libtasn1-native-4.19.0-r0: task do_fetch: Failed
NOTE: recipe python3-tomli-native-2.0.1-r0: task do_fetch: Failed
NOTE: Running task 401 of 738 (/data3/haobui/v2n/yocto_sc/build/../poky/meta/recipes-graphics/cairo/cairo_1.18.0.bb:do_fetch)
NOTE: Running task 402 of 738 (/data3/haobui/v2n/yocto_sc/build/../poky/meta/recipes-gnome/gobject-introspection/gobject-introspection_1.78.1.bb:do_fetch)
NOTE: recipe libmpc-1.3.1-r0: task do_fetch: Failed
NOTE: recipe python3-pyparsing-native-3.1.1-r0: task do_fetch: Started
NOTE: Running task 403 of 738 (/data3/haobui/v2n/yocto_sc/build/../poky/meta/recipes-support/libdaemon/libdaemon_0.14.bb:do_fetch)
NOTE: recipe python3-typing-extensions-native-4.10.0-r0: task do_fetch: Started
NOTE: recipe python3-pyparsing-native-3.1.1-r0: task do_fetch: Failed
NOTE: recipe python3-typing-extensions-native-4.10.0-r0: task do_fetch: Failed
NOTE: Running task 404 of 738 (virtual:native:/data3/haobui/v2n/yocto_sc/build/../poky/meta/recipes-extended/cwautomacros/cwautomacros_20110201.bb:do_fetch)
NOTE: Running task 405 of 738 (/data3/haobui/v2n/yocto_sc/build/../poky/meta/recipes-extended/tcp-wrappers/tcp-wrappers_7.6.bb:do_fetch)
NOTE: recipe tzcode-native-2024a-r0: task do_fetch: Started
NOTE: recipe tzcode-native-2024a-r0: task do_fetch: Failed
NOTE: Running task 406 of 738 (/data3/haobui/v2n/yocto_sc/build/../poky/meta/recipes-connectivity/libpcap/libpcap_1.10.4.bb:do_fetch)
NOTE: recipe itstool-native-2.0.7-r0: task do_fetch: Started
NOTE: recipe lzlib-1.14-r0: task do_fetch: Started
NOTE: recipe itstool-native-2.0.7-r0: task do_fetch: Failed
NOTE: recipe mpfr-4.2.1-r0: task do_fetch: Started
NOTE: recipe tcl-8.6.13-r0: task do_fetch: Started
NOTE: recipe lzlib-1.14-r0: task do_fetch: Failed
NOTE: recipe python3-pycairo-1.26.0-r0: task do_fetch: Started
NOTE: Running task 407 of 738 (/data3/haobui/v2n/yocto_sc/build/../poky/meta/recipes-support/gnutls/libtasn1_4.19.0.bb:do_fetch)
NOTE: Running task 408 of 738 (/data3/haobui/v2n/yocto_sc/build/../poky/meta/recipes-support/gmp/gmp_6.3.0.bb:do_fetch)
NOTE: recipe mpfr-4.2.1-r0: task do_fetch: Failed
NOTE: recipe cairo-1.18.0-r0: task do_fetch: Started
NOTE: Running task 409 of 738 (/data3/haobui/v2n/yocto_sc/build/../poky/meta/recipes-support/libunistring/libunistring_1.2.bb:do_fetch)
NOTE: recipe tcl-8.6.13-r0: task do_fetch: Failed
NOTE: recipe python3-pycairo-1.26.0-r0: task do_fetch: Failed
NOTE: recipe gobject-introspection-1.78.1-r0: task do_fetch: Started
NOTE: Running task 410 of 738 (/data3/haobui/v2n/yocto_sc/build/../poky/meta/recipes-support/nettle/nettle_3.9.1.bb:do_fetch)
NOTE: recipe libdaemon-0.14-r0: task do_fetch: Started
NOTE: recipe tcp-wrappers-7.6-r0: task do_fetch: Started
NOTE: Running task 411 of 738 (/data3/haobui/v2n/yocto_sc/build/../poky/meta/recipes-extended/libidn/libidn2_2.3.7.bb:do_fetch)
NOTE: recipe cairo-1.18.0-r0: task do_fetch: Failed
NOTE: recipe gobject-introspection-1.78.1-r0: task do_fetch: Failed
NOTE: recipe tcp-wrappers-7.6-r0: task do_fetch: Failed
NOTE: recipe cwautomacros-native-20110201-r0: task do_fetch: Started
NOTE: recipe libdaemon-0.14-r0: task do_fetch: Failed
NOTE: Running task 412 of 738 (/data3/haobui/v2n/yocto_sc/build/../poky/meta/recipes-multimedia/libsndfile/libsndfile1_1.2.2.bb:do_fetch)
NOTE: Running task 413 of 738 (/data3/haobui/v2n/yocto_sc/build/../poky/meta/recipes-devtools/go/go-binary-native_1.22.5.bb:do_fetch)
NOTE: Running task 414 of 738 (/data3/haobui/v2n/yocto_sc/build/../poky/meta/recipes-support/libical/libical_3.0.17.bb:do_fetch)
NOTE: Running task 415 of 738 (/data3/haobui/v2n/yocto_sc/build/../poky/meta/recipes-support/boost/boost-build-native_1.84.0.bb:do_fetch)
NOTE: recipe cwautomacros-native-20110201-r0: task do_fetch: Failed
NOTE: recipe shared-mime-info-native-2.4-r0: task do_fetch: Started
NOTE: Running task 416 of 738 (/data3/haobui/v2n/yocto_sc/build/../poky/meta/recipes-support/icu/icu_74-2.bb:do_fetch)
NOTE: recipe shared-mime-info-native-2.4-r0: task do_fetch: Failed
NOTE: Running task 417 of 738 (/data3/haobui/v2n/yocto_sc/build/../poky/meta/recipes-support/libatomic-ops/libatomic-ops_7.8.2.bb:do_fetch)
NOTE: recipe libpcap-1.10.4-r0: task do_fetch: Started
NOTE: recipe libpcap-1.10.4-r0: task do_fetch: Failed
NOTE: Running task 418 of 738 (/data3/haobui/v2n/yocto_sc/build/../poky/meta/recipes-support/libmicrohttpd/libmicrohttpd_1.0.1.bb:do_fetch)
NOTE: recipe libtasn1-4.19.0-r0: task do_fetch: Started
NOTE: recipe gmp-6.3.0-r0: task do_fetch: Started
NOTE: recipe libunistring-1.2-r0: task do_fetch: Started
NOTE: recipe go-binary-native-1.22.5-r0: task do_fetch: Started
NOTE: recipe boost-build-native-1_1.84.0-r0: task do_fetch: Started
NOTE: recipe libtasn1-4.19.0-r0: task do_fetch: Failed
NOTE: recipe gmp-6.3.0-r0: task do_fetch: Failed
NOTE: recipe libunistring-1.2-r0: task do_fetch: Failed
NOTE: recipe boost-build-native-1_1.84.0-r0: task do_fetch: Failed
NOTE: recipe go-binary-native-1.22.5-r0: task do_fetch: Failed
NOTE: Running task 419 of 738 (/data3/haobui/v2n/yocto_sc/build/../poky/meta/recipes-support/libpcre/libpcre_8.45.bb:do_fetch)
NOTE: Running task 420 of 738 (/data3/haobui/v2n/yocto_sc/build/../poky/meta/recipes-core/expat/expat_2.6.2.bb:do_fetch)
NOTE: Running task 421 of 738 (/data3/haobui/v2n/yocto_sc/build/../poky/meta/recipes-extended/libtirpc/libtirpc_1.3.4.bb:do_fetch)
NOTE: Running task 422 of 738 (/data3/haobui/v2n/yocto_sc/build/../poky/meta/recipes-devtools/libedit/libedit_20230828-3.1.bb:do_fetch)
NOTE: Running task 423 of 738 (/data3/haobui/v2n/yocto_sc/build/../poky/meta/recipes-extended/libnsl/libnsl2_git.bb:do_fetch)
NOTE: recipe nettle-3.9.1-r0: task do_fetch: Started
NOTE: recipe libsndfile1-1.2.2-r0: task do_fetch: Started
NOTE: recipe nettle-3.9.1-r0: task do_fetch: Failed
NOTE: recipe libidn2-2.3.7-r0: task do_fetch: Started
NOTE: recipe libical-3.0.17-r0: task do_fetch: Started
NOTE: recipe libsndfile1-1.2.2-r0: task do_fetch: Failed
NOTE: Running task 424 of 738 (/data3/haobui/v2n/yocto_sc/build/../poky/meta/recipes-support/libffi/libffi_3.4.6.bb:do_fetch)
NOTE: recipe libidn2-2.3.7-r0: task do_fetch: Failed
NOTE: Running task 425 of 738 (/data3/haobui/v2n/yocto_sc/build/../poky/meta/recipes-support/libpcre/libpcre2_10.43.bb:do_fetch)
NOTE: Running task 426 of 738 (/data3/haobui/v2n/yocto_sc/build/../poky/meta/recipes-support/libcheck/libcheck_0.15.2.bb:do_fetch)
NOTE: recipe libical-3.0.17-r0: task do_fetch: Failed
NOTE: recipe icu-74-2-r0: task do_fetch: Started
NOTE: Running task 427 of 738 (/data3/haobui/v2n/yocto_sc/build/../poky/meta/recipes-graphics/xorg-util/util-macros_1.20.0.bb:do_fetch)
NOTE: recipe icu-74-2-r0: task do_fetch: Failed
NOTE: Running task 428 of 738 (/data3/haobui/v2n/yocto_sc/build/../poky/meta/recipes-extended/cracklib/cracklib_2.9.11.bb:do_fetch)
NOTE: recipe libatomic-ops-7.8.2-r0: task do_fetch: Started
NOTE: recipe libmicrohttpd-1.0.1-r0: task do_fetch: Started
NOTE: recipe libatomic-ops-7.8.2-r0: task do_fetch: Failed
NOTE: Running task 429 of 738 (virtual:native:/data3/haobui/v2n/yocto_sc/build/../poky/meta/recipes-support/libbsd/libbsd_0.12.1.bb:do_fetch)
NOTE: recipe libmicrohttpd-1.0.1-r0: task do_fetch: Failed
NOTE: Running task 430 of 738 (virtual:native:/data3/haobui/v2n/yocto_sc/build/../poky/meta/recipes-devtools/python/python3-setuptools-scm_8.0.4.bb:do_fetch)
NOTE: recipe libtirpc-1.3.4-r0: task do_fetch: Started
NOTE: recipe libpcre-8.45-r0: task do_fetch: Started
NOTE: recipe libedit-20230828-3.1-r0: task do_fetch: Started
NOTE: recipe libtirpc-1.3.4-r0: task do_fetch: Failed
NOTE: Running task 431 of 738 (virtual:native:/data3/haobui/v2n/yocto_sc/build/../poky/meta/recipes-support/libyaml/libyaml_0.2.5.bb:do_fetch)
NOTE: recipe expat-2.6.2-r0: task do_fetch: Started
NOTE: recipe libnsl2-2.0.1-r0: task do_fetch: Started
NOTE: recipe libpcre-8.45-r0: task do_fetch: Failed
NOTE: recipe libedit-20230828-3.1-r0: task do_fetch: Failed
NOTE: recipe libffi-3.4.6-r0: task do_fetch: Started
NOTE: recipe libpcre2-10.43-r0: task do_fetch: Started
NOTE: Running task 432 of 738 (virtual:native:/data3/haobui/v2n/yocto_sc/build/../poky/meta/recipes-support/libassuan/libassuan_2.5.6.bb:do_fetch)
NOTE: Running task 433 of 738 (virtual:native:/data3/haobui/v2n/yocto_sc/build/../poky/meta/recipes-support/attr/acl_2.3.2.bb:do_fetch)
NOTE: recipe expat-2.6.2-r0: task do_fetch: Failed
NOTE: recipe libnsl2-2.0.1-r0: task do_fetch: Failed
NOTE: recipe libffi-3.4.6-r0: task do_fetch: Failed
NOTE: recipe libpcre2-10.43-r0: task do_fetch: Failed
NOTE: recipe libcheck-0.15.2-r0: task do_fetch: Started
NOTE: recipe util-macros-1_1.20.0-r0: task do_fetch: Started
NOTE: Running task 434 of 738 (virtual:native:/data3/haobui/v2n/yocto_sc/build/../poky/meta/recipes-support/gnutls/gnutls_3.8.4.bb:do_fetch)
NOTE: recipe cracklib-2.9.11-r0: task do_fetch: Started
NOTE: Running task 435 of 738 (virtual:native:/data3/haobui/v2n/yocto_sc/build/../poky/meta/recipes-support/ca-certificates/ca-certificates_20211016.bb:do_fetch)
NOTE: Running task 436 of 738 (virtual:native:/data3/haobui/v2n/yocto_sc/build/../poky/meta/recipes-devtools/python/python3-pip_24.0.bb:do_fetch)
NOTE: Running task 437 of 738 (/data3/haobui/v2n/yocto_sc/build/../poky/meta/recipes-extended/libarchive/libarchive_3.7.4.bb:do_fetch)
NOTE: recipe libcheck-0.15.2-r0: task do_fetch: Failed
NOTE: Running task 438 of 738 (/data3/haobui/v2n/yocto_sc/build/../poky/meta/recipes-support/ca-certificates/ca-certificates_20211016.bb:do_fetch)
NOTE: recipe util-macros-1_1.20.0-r0: task do_fetch: Failed
NOTE: recipe cracklib-2.9.11-r0: task do_fetch: Failed
NOTE: Running task 440 of 738 (virtual:native:/data3/haobui/v2n/yocto_sc/build/../poky/meta/recipes-devtools/docbook-xml/docbook-xml-dtd4_4.5.bb:do_fetch)
NOTE: Running task 441 of 738 (virtual:native:/data3/haobui/v2n/yocto_sc/build/../poky/meta/recipes-devtools/docbook-xml/docbook-xsl-stylesheets_1.79.1.bb:do_fetch)
NOTE: recipe libbsd-native-0.12.1-r0: task do_fetch: Started
NOTE: recipe python3-setuptools-scm-native-8.0.4-r0: task do_fetch: Started
NOTE: recipe libbsd-native-0.12.1-r0: task do_fetch: Failed
NOTE: recipe python3-setuptools-scm-native-8.0.4-r0: task do_fetch: Failed
NOTE: Running task 442 of 738 (virtual:native:/data3/haobui/v2n/yocto_sc/build/../poky/meta/recipes-support/libxslt/libxslt_1.1.39.bb:do_fetch)
NOTE: Running task 443 of 738 (/data3/haobui/v2n/yocto_sc/build/../poky/meta/recipes-devtools/python/python3-packaging_23.2.bb:do_fetch)
NOTE: recipe ca-certificates-20211016-r0: task do_fetch: Started
NOTE: recipe ca-certificates-20211016-r0: task do_fetch: Failed
NOTE: Running task 444 of 738 (/data3/haobui/v2n/yocto_sc/build/../poky/meta/recipes-devtools/python/python3-dbusmock_0.31.1.bb:do_fetch)
NOTE: recipe libyaml-native-0.2.5-r0: task do_fetch: Started
NOTE: recipe ca-certificates-native-20211016-r0: task do_fetch: Started
NOTE: recipe libarchive-3.7.4-r0: task do_fetch: Started
NOTE: recipe libassuan-native-2.5.6-r0: task do_fetch: Started
NOTE: recipe docbook-xml-dtd4-native-4.5-r0: task do_fetch: Started
NOTE: recipe libarchive-3.7.4-r0: task do_fetch: Failed
NOTE: Running task 445 of 738 (/data3/haobui/v2n/yocto_sc/build/../poky/meta/recipes-devtools/desktop-file-utils/desktop-file-utils_0.27.bb:do_fetch)
NOTE: recipe libyaml-native-0.2.5-r0: task do_fetch: Failed
NOTE: recipe libassuan-native-2.5.6-r0: task do_fetch: Failed
NOTE: recipe ca-certificates-native-20211016-r0: task do_fetch: Failed
NOTE: recipe docbook-xml-dtd4-native-4.5-r0: task do_fetch: Failed
NOTE: recipe docbook-xsl-stylesheets-native-1.79.1-r0: task do_fetch: Started
NOTE: recipe python3-pip-native-24.0-r0: task do_fetch: Started
NOTE: Running task 446 of 738 (/data3/haobui/v2n/yocto_sc/build/../poky/meta/recipes-support/shared-mime-info/shared-mime-info_2.4.bb:do_fetch)
NOTE: recipe acl-native-2.3.2-r0: task do_fetch: Started
NOTE: Running task 447 of 738 (/data3/haobui/v2n/yocto_sc/build/../poky/meta/recipes-support/gnome-desktop-testing/gnome-desktop-testing_2021.1.bb:do_fetch)
NOTE: Running task 448 of 738 (/data3/haobui/v2n/yocto_sc/build/../poky/meta/recipes-extended/timezone/tzdata.bb:do_fetch)
NOTE: Running task 449 of 738 (/data3/haobui/v2n/yocto_sc/build/../poky/meta/recipes-multimedia/alsa/alsa-ucm-conf_1.2.11.bb:do_fetch)
NOTE: recipe gnutls-native-3.8.4-r0: task do_fetch: Started
NOTE: recipe docbook-xsl-stylesheets-native-1.79.1-r0: task do_fetch: Failed
NOTE: Running task 450 of 738 (/data3/haobui/v2n/yocto_sc/build/../poky/meta/recipes-multimedia/alsa/alsa-topology-conf_1.2.5.1.bb:do_fetch)
NOTE: recipe acl-native-2.3.2-r0: task do_fetch: Failed
NOTE: recipe python3-pip-native-24.0-r0: task do_fetch: Failed
NOTE: Running task 451 of 738 (/data3/haobui/v2n/yocto_sc/build/../poky/meta/recipes-extended/diffutils/diffutils_3.10.bb:do_fetch)
NOTE: recipe gnutls-native-3.8.4-r0: task do_fetch: Failed
NOTE: Running task 452 of 738 (/data3/haobui/v2n/yocto_sc/build/../poky/meta/recipes-extended/bzip2/bzip2_1.0.8.bb:do_fetch)
NOTE: Running task 453 of 738 (virtual:native:/data3/haobui/v2n/yocto_sc/build/../poky/meta/recipes-devtools/perl/libxml-parser-perl_2.47.bb:do_fetch)
NOTE: recipe python3-packaging-23.2-r0: task do_fetch: Started
NOTE: recipe python3-packaging-23.2-r0: task do_fetch: Failed
NOTE: Running task 454 of 738 (virtual:native:/data3/haobui/v2n/yocto_sc/build/../poky/meta/recipes-devtools/python/python3-markupsafe_2.1.5.bb:do_fetch)
NOTE: recipe libxslt-native-1.1.39-r0: task do_fetch: Started
NOTE: recipe libxslt-native-1.1.39-r0: task do_fetch: Failed
NOTE: recipe python3-dbusmock-0.31.1-r0: task do_fetch: Started
NOTE: Running task 455 of 738 (virtual:native:/data3/haobui/v2n/yocto_sc/build/../poky/meta/recipes-devtools/tcltk/tcl_8.6.13.bb:do_fetch)
NOTE: recipe tzdata-2024a-r0: task do_fetch: Started
NOTE: recipe alsa-ucm-conf-1.2.11-r0: task do_fetch: Started
NOTE: recipe alsa-topology-conf-1.2.5.1-r0: task do_fetch: Started
NOTE: recipe desktop-file-utils-0.27-r0: task do_fetch: Started
NOTE: recipe gnome-desktop-testing-2021.1-r0: task do_fetch: Started
NOTE: recipe alsa-topology-conf-1.2.5.1-r0: task do_fetch: Failed
NOTE: recipe python3-dbusmock-0.31.1-r0: task do_fetch: Failed
NOTE: Running task 456 of 738 (/data3/haobui/v2n/yocto_sc/build/../poky/meta/recipes-extended/psmisc/psmisc_23.6.bb:do_fetch)
NOTE: recipe tzdata-2024a-r0: task do_fetch: Failed
NOTE: recipe alsa-ucm-conf-1.2.11-r0: task do_fetch: Failed
NOTE: Running task 457 of 738 (/data3/haobui/v2n/yocto_sc/build/../poky/meta/recipes-extended/logrotate/logrotate_3.21.0.bb:do_fetch)
NOTE: Running task 458 of 738 (/data3/haobui/v2n/yocto_sc/build/../poky/meta/recipes-extended/cronie/cronie_1.7.2.bb:do_fetch)
NOTE: Running task 459 of 738 (/data3/haobui/v2n/yocto_sc/build/../poky/meta/recipes-devtools/gdb/gdb_14.2.bb:do_fetch)
NOTE: recipe desktop-file-utils-0.27-r0: task do_fetch: Failed
NOTE: recipe gnome-desktop-testing-2021.1-r0: task do_fetch: Failed
NOTE: recipe shared-mime-info-2.4-r0: task do_fetch: Started
NOTE: Running task 460 of 738 (/data3/haobui/v2n/yocto_sc/build/../poky/meta/recipes-support/curl/curl_8.7.1.bb:do_fetch)
NOTE: Running task 461 of 738 (/data3/haobui/v2n/yocto_sc/build/../poky/meta/recipes-extended/unzip/unzip_6.0.bb:do_fetch)
NOTE: recipe diffutils-3.10-r0: task do_fetch: Started
NOTE: recipe shared-mime-info-2.4-r0: task do_fetch: Failed
NOTE: Running task 462 of 738 (/data3/haobui/v2n/yocto_sc/build/../poky/meta/recipes-extended/cpio/cpio_2.15.bb:do_fetch)
NOTE: recipe diffutils-3.10-r0: task do_fetch: Failed
NOTE: recipe bzip2-1.0.8-r0: task do_fetch: Started
NOTE: Running task 463 of 738 (/data3/haobui/v2n/yocto_sc/build/../poky/meta/recipes-extended/gzip/gzip_1.13.bb:do_fetch)
NOTE: recipe bzip2-1.0.8-r0: task do_fetch: Failed
NOTE: recipe libxml-parser-perl-native-2.47-r0: task do_fetch: Started
NOTE: Running task 464 of 738 (/data3/haobui/v2n/yocto_sc/build/../poky/meta/recipes-devtools/file/file_5.45.bb:do_fetch)
NOTE: recipe libxml-parser-perl-native-2.47-r0: task do_fetch: Failed
NOTE: Running task 465 of 738 (/data3/haobui/v2n/yocto_sc/build/../poky/meta/recipes-extended/iputils/iputils_20240117.bb:do_fetch)
NOTE: recipe python3-markupsafe-native-2.1.5-r0: task do_fetch: Started
NOTE: recipe psmisc-23.6-r0: task do_fetch: Started
NOTE: recipe logrotate-3.21.0-r0: task do_fetch: Started
NOTE: recipe cronie-1.7.2-r0: task do_fetch: Started
NOTE: recipe gdb-14.2-r0: task do_fetch: Started
NOTE: recipe python3-markupsafe-native-2.1.5-r0: task do_fetch: Failed
NOTE: recipe tcl-native-8.6.13-r0: task do_fetch: Started
NOTE: recipe psmisc-23.6-r0: task do_fetch: Failed
NOTE: recipe logrotate-3.21.0-r0: task do_fetch: Failed
NOTE: recipe cronie-1.7.2-r0: task do_fetch: Failed
NOTE: recipe gdb-14.2-r0: task do_fetch: Failed
NOTE: recipe curl-8.7.1-r0: task do_fetch: Started
NOTE: Running task 466 of 738 (/data3/haobui/v2n/yocto_sc/build/../poky/meta/recipes-extended/net-tools/net-tools_2.10.bb:do_fetch)
NOTE: recipe unzip-1_6.0-r0: task do_fetch: Started
NOTE: Running task 467 of 738 (/data3/haobui/v2n/yocto_sc/build/../poky/meta/recipes-devtools/expect/expect_5.45.4.bb:do_fetch)
NOTE: Running task 468 of 738 (/data3/haobui/v2n/yocto_sc/build/../poky/meta/recipes-extended/quota/quota_4.09.bb:do_fetch)
NOTE: Running task 471 of 738 (/data3/haobui/v2n/yocto_sc/build/../poky/meta/recipes-devtools/python/python3-pygobject_3.46.0.bb:do_fetch)
NOTE: Running task 472 of 738 (/data3/haobui/v2n/yocto_sc/build/../poky/meta/recipes-devtools/python/python3-dbus_1.3.2.bb:do_fetch)
NOTE: recipe tcl-native-8.6.13-r0: task do_fetch: Failed
NOTE: Running task 473 of 738 (/data3/haobui/v2n/yocto_sc/build/../poky/meta/recipes-kernel/lttng/lttng-modules_2.13.12.bb:do_fetch)
NOTE: recipe curl-8.7.1-r0: task do_fetch: Failed
NOTE: recipe unzip-1_6.0-r0: task do_fetch: Failed
NOTE: recipe cpio-2.15-r0: task do_fetch: Started
NOTE: Running task 474 of 738 (/data3/haobui/v2n/yocto_sc/build/../poky/meta/recipes-extended/gawk/gawk_5.3.0.bb:do_fetch)
NOTE: recipe cpio-2.15-r0: task do_fetch: Failed
NOTE: recipe gzip-1.13-r0: task do_fetch: Started
NOTE: recipe gzip-1.13-r0: task do_fetch: Failed
NOTE: Running task 476 of 738 (/data3/haobui/v2n/yocto_sc/build/../poky/meta/recipes-kernel/wireless-regdb/wireless-regdb_2024.05.08.bb:do_fetch)
NOTE: Running task 477 of 738 (/data3/haobui/v2n/yocto_sc/build/../poky/meta/recipes-extended/rpcbind/rpcbind_1.2.6.bb:do_fetch)
NOTE: recipe file-5.45-r0: task do_fetch: Started
NOTE: Running task 478 of 738 (/data3/haobui/v2n/yocto_sc/build/../poky/meta/recipes-connectivity/neard/neard_0.19.bb:do_fetch)
NOTE: recipe file-5.45-r0: task do_fetch: Failed
NOTE: Running task 479 of 738 (/data3/haobui/v2n/yocto_sc/build/../poky/meta/recipes-connectivity/libnss-mdns/libnss-mdns_0.15.1.bb:do_fetch)
NOTE: recipe iputils-20240117-r0: task do_fetch: Started
NOTE: recipe iputils-20240117-r0: task do_fetch: Failed
NOTE: Running task 480 of 738 (/data3/haobui/v2n/yocto_sc/build/../poky/meta/recipes-connectivity/iw/iw_6.7.bb:do_fetch)
NOTE: recipe quota-4.09-r0: task do_fetch: Started
NOTE: recipe net-tools-2.10-r0: task do_fetch: Started
NOTE: recipe expect-5.45.4-r0: task do_fetch: Started
NOTE: recipe lttng-modules-2.13.12-r0: task do_fetch: Started
NOTE: recipe wireless-regdb-2024.05.08-r0: task do_fetch: Started
NOTE: recipe expect-5.45.4-r0: task do_fetch: Failed
NOTE: recipe quota-4.09-r0: task do_fetch: Failed
NOTE: recipe python3-pygobject-3.46.0-r0: task do_fetch: Started
NOTE: recipe lttng-modules-2.13.12-r0: task do_fetch: Failed
NOTE: recipe wireless-regdb-2024.05.08-r0: task do_fetch: Failed
NOTE: recipe python3-dbus-1.3.2-r0: task do_fetch: Started
NOTE: recipe net-tools-2.10-r0: task do_fetch: Failed
NOTE: recipe gawk-5.3.0-r0: task do_fetch: Started
NOTE: Running task 481 of 738 (/data3/haobui/v2n/yocto_sc/build/../poky/meta/recipes-connectivity/avahi/avahi_0.8.bb:do_fetch)
NOTE: Running task 482 of 738 (/data3/haobui/v2n/yocto_sc/build/../poky/meta/recipes-bsp/lrzsz/lrzsz_0.12.20.bb:do_fetch)
NOTE: Running task 483 of 738 (/data3/haobui/v2n/yocto_sc/build/../poky/meta/recipes-extended/procps/procps_4.0.4.bb:do_fetch)
NOTE: Running task 484 of 738 (/data3/haobui/v2n/yocto_sc/build/../poky/meta/recipes-core/coreutils/coreutils_9.4.bb:do_fetch)
NOTE: Running task 485 of 738 (/data3/haobui/v2n/yocto_sc/build/../poky/meta/recipes-extended/bc/bc_1.07.1.bb:do_fetch)
NOTE: recipe python3-pygobject-3.46.0-r0: task do_fetch: Failed
NOTE: recipe python3-dbus-1.3.2-r0: task do_fetch: Failed
NOTE: recipe gawk-5.3.0-r0: task do_fetch: Failed
NOTE: recipe neard-0.19-r0: task do_fetch: Started
NOTE: Running task 486 of 738 (/data3/haobui/v2n/yocto_sc/build/../poky/meta/recipes-extended/grep/grep_3.11.bb:do_fetch)
NOTE: Running task 487 of 738 (/data3/haobui/v2n/yocto_sc/build/../poky/meta/recipes-extended/findutils/findutils_4.9.0.bb:do_fetch)
NOTE: recipe rpcbind-1.2.6-r0: task do_fetch: Started
NOTE: Running task 488 of 738 (/data3/haobui/v2n/yocto_sc/build/../poky/meta/recipes-extended/which/which_2.21.bb:do_fetch)
NOTE: recipe neard-0.19-r0: task do_fetch: Failed
NOTE: recipe rpcbind-1.2.6-r0: task do_fetch: Failed
NOTE: recipe libnss-mdns-0.15.1-r0: task do_fetch: Started
NOTE: Running task 489 of 738 (/data3/haobui/v2n/yocto_sc/build/../poky/meta/recipes-devtools/btrfs-tools/btrfs-tools_6.7.1.bb:do_fetch)
NOTE: Running task 490 of 738 (/data3/haobui/v2n/yocto_sc/build/../poky/meta/recipes-connectivity/iproute2/iproute2_6.7.0.bb:do_fetch)
NOTE: recipe libnss-mdns-0.15.1-r0: task do_fetch: Failed
NOTE: Running task 491 of 738 (/data3/haobui/v2n/yocto_sc/build/../poky/meta/recipes-connectivity/socat/socat_1.8.0.0.bb:do_fetch)
NOTE: recipe iw-6.7-r0: task do_fetch: Started
NOTE: recipe iw-6.7-r0: task do_fetch: Failed
NOTE: Running task 493 of 738 (/data3/haobui/v2n/yocto_sc/build/../poky/meta/recipes-extended/zip/zip_3.0.bb:do_fetch)
NOTE: recipe lrzsz-0.12.20-r0: task do_fetch: Started
NOTE: recipe avahi-0.8-r0: task do_fetch: Started
NOTE: recipe bc-1.07.1-r0: task do_fetch: Started
NOTE: recipe procps-4.0.4-r0: task do_fetch: Started
NOTE: recipe which-2.21-r0: task do_fetch: Started
NOTE: recipe lrzsz-0.12.20-r0: task do_fetch: Failed
NOTE: Running task 494 of 738 (/data3/haobui/v2n/yocto_sc/build/../poky/meta/recipes-core/update-rc.d/update-rc.d_0.8.bb:do_fetch)
NOTE: recipe procps-4.0.4-r0: task do_fetch: Failed
NOTE: recipe coreutils-9.4-r0: task do_fetch: Started
NOTE: recipe findutils-4.9.0-r0: task do_fetch: Started
NOTE: recipe avahi-0.8-r0: task do_fetch: Failed
NOTE: recipe grep-3.11-r0: task do_fetch: Started
NOTE: recipe which-2.21-r0: task do_fetch: Failed
NOTE: recipe bc-1.07.1-r0: task do_fetch: Failed
NOTE: recipe btrfs-tools-6.7.1-r0: task do_fetch: Started
NOTE: Running task 496 of 738 (/data3/haobui/v2n/yocto_sc/build/../poky/meta/recipes-extended/tar/tar_1.35.bb:do_fetch)
NOTE: Running task 498 of 738 (/data3/haobui/v2n/yocto_sc/build/../poky/meta/recipes-core/kbd/kbd_2.6.4.bb:do_fetch)
NOTE: Running task 502 of 738 (/data3/haobui/v2n/yocto_sc/build/../poky/meta/recipes-support/gdbm/gdbm_1.23.bb:do_fetch)
NOTE: Running task 503 of 738 (virtual:native:/data3/haobui/v2n/yocto_sc/build/../poky/meta/recipes-devtools/rsync/rsync_3.2.7.bb:do_fetch)
NOTE: recipe coreutils-9.4-r0: task do_fetch: Failed
NOTE: recipe findutils-4.9.0-r0: task do_fetch: Failed
NOTE: recipe grep-3.11-r0: task do_fetch: Failed
NOTE: Running task 504 of 738 (virtual:native:/data3/haobui/v2n/yocto_sc/build/../poky/meta/recipes-devtools/unifdef/unifdef_2.12.bb:do_fetch)
NOTE: recipe iproute2-6.7.0-r0: task do_fetch: Started
NOTE: Running task 505 of 738 (virtual:native:/data3/haobui/v2n/yocto_sc/build/../poky/meta/recipes-extended/zip/zip_3.0.bb:do_fetch)
NOTE: Running task 506 of 738 (/data3/haobui/v2n/yocto_sc/build/../poky/meta/recipes-connectivity/ppp/ppp_2.5.0.bb:do_fetch)
NOTE: recipe btrfs-tools-6.7.1-r0: task do_fetch: Failed
NOTE: recipe socat-1.8.0.0-r0: task do_fetch: Started
NOTE: Running task 507 of 738 (/data3/haobui/v2n/yocto_sc/build/../poky/meta/recipes-core/readline/readline_8.2.bb:do_fetch)
NOTE: recipe iproute2-6.7.0-r0: task do_fetch: Failed
NOTE: recipe socat-1.8.0.0-r0: task do_fetch: Failed
NOTE: recipe zip-3.0-r0: task do_fetch: Started
NOTE: Running task 508 of 738 (/data3/haobui/v2n/yocto_sc/build/../poky/meta/recipes-connectivity/wpa-supplicant/wpa-supplicant_2.10.bb:do_fetch)
NOTE: Running task 509 of 738 (/data3/haobui/v2n/yocto_sc/build/../poky/meta/recipes-support/gnutls/gnutls_3.8.4.bb:do_fetch)
NOTE: recipe zip-3.0-r0: task do_fetch: Failed
NOTE: Running task 510 of 738 (/data3/haobui/v2n/yocto_sc/build/../poky/meta/recipes-extended/iptables/iptables_1.8.10.bb:do_fetch)
NOTE: recipe update-rc.d-0.8+git-r0: task do_fetch: Started
NOTE: recipe update-rc.d-0.8+git-r0: task do_fetch: Failed
NOTE: Running task 511 of 738 (/data3/haobui/v2n/yocto_sc/build/../poky/meta/recipes-multimedia/libsamplerate/libsamplerate0_0.2.2.bb:do_fetch)
NOTE: recipe tar-1.35-r0: task do_fetch: Started
NOTE: recipe kbd-2.6.4-r0: task do_fetch: Started
NOTE: recipe gdbm-1.23-r0: task do_fetch: Started
NOTE: recipe tar-1.35-r0: task do_fetch: Failed
NOTE: recipe kbd-2.6.4-r0: task do_fetch: Failed
NOTE: recipe gdbm-1.23-r0: task do_fetch: Failed
NOTE: recipe ppp-2.5.0-r0: task do_fetch: Started
NOTE: recipe readline-8.2-r0: task do_fetch: Started
NOTE: recipe wpa-supplicant-2.10-r0: task do_fetch: Started
NOTE: Running task 512 of 738 (/data3/haobui/v2n/yocto_sc/build/../poky/meta/recipes-devtools/go/go-cross_1.22.5.bb:do_fetch)
NOTE: Running task 513 of 738 (/data3/haobui/v2n/yocto_sc/build/../poky/meta/recipes-devtools/go/go-runtime_1.22.5.bb:do_fetch)
NOTE: Running task 514 of 738 (/data3/haobui/v2n/yocto_sc/build/../poky/meta/recipes-core/dbus/dbus_1.14.10.bb:do_fetch)
NOTE: recipe rsync-native-3.2.7-r0: task do_fetch: Started
NOTE: recipe ppp-2.5.0-r0: task do_fetch: Failed
NOTE: recipe wpa-supplicant-2.10-r0: task do_fetch: Failed
NOTE: recipe zip-native-3.0-r0: task do_fetch: Started
NOTE: recipe readline-8.2-r0: task do_fetch: Failed
NOTE: Running task 515 of 738 (/data3/haobui/v2n/yocto_sc/build/../poky/meta/recipes-connectivity/mobile-broadband-provider-info/mobile-broadband-provider-info_git.bb:do_fetch)
NOTE: recipe rsync-native-3.2.7-r0: task do_fetch: Failed
NOTE: Running task 516 of 738 (/data3/haobui/v2n/yocto_sc/build/../poky/meta/recipes-core/ell/ell_0.64.bb:do_fetch)
NOTE: Running task 517 of 738 (/data3/haobui/v2n/yocto_sc/build/../poky/meta/recipes-connectivity/bluez5/bluez5_5.72.bb:do_fetch)
NOTE: Running task 518 of 738 (/data3/haobui/v2n/yocto_sc/build/../poky/meta/recipes-core/libxml/libxml2_2.12.8.bb:do_fetch)
NOTE: recipe unifdef-native-2.12-r0: task do_fetch: Started
NOTE: recipe zip-native-3.0-r0: task do_fetch: Failed
NOTE: recipe iptables-1.8.10-r0: task do_fetch: Started
NOTE: recipe gnutls-3.8.4-r0: task do_fetch: Started
NOTE: Running task 519 of 738 (/data3/haobui/v2n/yocto_sc/build/../poky/meta/recipes-kernel/lttng/lttng-ust_2.13.8.bb:do_fetch)
NOTE: recipe unifdef-native-2.12-r0: task do_fetch: Failed
NOTE: recipe iptables-1.8.10-r0: task do_fetch: Failed
NOTE: Running task 520 of 738 (/data3/haobui/v2n/yocto_sc/build/../poky/meta/recipes-support/liburcu/liburcu_0.14.0.bb:do_fetch)
NOTE: recipe gnutls-3.8.4-r0: task do_fetch: Failed
NOTE: Running task 521 of 738 (/data3/haobui/v2n/yocto_sc/build/../poky/meta/recipes-support/boost/boost_1.84.0.bb:do_fetch)
NOTE: Running task 522 of 738 (/data3/haobui/v2n/yocto_sc/build/../poky/meta/recipes-support/sqlite/sqlite3_3.45.1.bb:do_fetch)
NOTE: recipe libsamplerate0-0.2.2-r0: task do_fetch: Started
NOTE: recipe libsamplerate0-0.2.2-r0: task do_fetch: Failed
NOTE: Running task 523 of 738 (/data3/haobui/v2n/yocto_sc/build/../poky/meta/recipes-devtools/json-c/json-c_0.17.bb:do_fetch)
NOTE: recipe go-cross-cortexa55-1.22.5-r0: task do_fetch: Started
NOTE: recipe go-runtime-1.22.5-r0: task do_fetch: Started
NOTE: recipe ell-0.64-r0: task do_fetch: Started
NOTE: recipe dbus-1.14.10-r0: task do_fetch: Started
NOTE: recipe go-cross-cortexa55-1.22.5-r0: task do_fetch: Failed
NOTE: recipe bluez5-5.72-r0: task do_fetch: Started
NOTE: recipe go-runtime-1.22.5-r0: task do_fetch: Failed
NOTE: recipe mobile-broadband-provider-info-1_20240407-r0: task do_fetch: Started
NOTE: recipe ell-0.64-r0: task do_fetch: Failed
NOTE: recipe lttng-ust-2_2.13.8-r0: task do_fetch: Started
NOTE: Running task 524 of 738 (/data3/haobui/v2n/yocto_sc/build/../poky/meta/recipes-extended/libaio/libaio_0.3.113.bb:do_fetch)
NOTE: Running task 525 of 738 (/data3/haobui/v2n/yocto_sc/build/../poky/meta/recipes-support/libunwind/libunwind_1.6.2.bb:do_fetch)
NOTE: Running task 526 of 738 (/data3/haobui/v2n/yocto_sc/build/../poky/meta/recipes-extended/newt/libnewt_0.52.24.bb:do_fetch)
NOTE: recipe dbus-1.14.10-r0: task do_fetch: Failed
NOTE: Running task 527 of 738 (/data3/haobui/v2n/yocto_sc/build/../poky/meta/recipes-kernel/libtraceevent/libtraceevent_1.7.3.bb:do_fetch)
NOTE: recipe mobile-broadband-provider-info-1_20240407-r0: task do_fetch: Failed
NOTE: recipe lttng-ust-2_2.13.8-r0: task do_fetch: Failed
NOTE: recipe liburcu-0.14.0-r0: task do_fetch: Started
NOTE: recipe bluez5-5.72-r0: task do_fetch: Failed
NOTE: recipe libxml2-2.12.8-r0: task do_fetch: Started
NOTE: Running task 528 of 738 (/data3/haobui/v2n/yocto_sc/build/../poky/meta/recipes-extended/xz/xz_5.4.6.bb:do_fetch)
NOTE: Running task 529 of 738 (/data3/haobui/v2n/yocto_sc/build/../poky/meta/recipes-devtools/binutils/binutils_2.42.bb:do_fetch)
NOTE: Running task 530 of 738 (/data3/haobui/v2n/yocto_sc/build/../poky/meta/recipes-devtools/elfutils/elfutils_0.191.bb:do_fetch)
NOTE: recipe liburcu-0.14.0-r0: task do_fetch: Failed
NOTE: recipe sqlite3-3_3.45.1-r0: task do_fetch: Started
NOTE: recipe libxml2-2.12.8-r0: task do_fetch: Failed
NOTE: recipe boost-1.84.0-r0: task do_fetch: Started
NOTE: Running task 531 of 738 (/data3/haobui/v2n/yocto_sc/build/../poky/meta/recipes-extended/slang/slang_2.3.3.bb:do_fetch)
NOTE: Running task 532 of 738 (virtual:native:/data3/haobui/v2n/yocto_sc/build/../poky/meta/recipes-extended/asciidoc/asciidoc_10.2.0.bb:do_fetch)
NOTE: recipe sqlite3-3_3.45.1-r0: task do_fetch: Failed
NOTE: recipe boost-1.84.0-r0: task do_fetch: Failed
NOTE: Running task 533 of 738 (/data3/haobui/v2n/yocto_sc/build/../poky/meta/recipes-devtools/python/python3_3.12.4.bb:do_fetch)
NOTE: recipe json-c-0.17-r0: task do_fetch: Started
NOTE: Running task 534 of 738 (virtual:native:/data3/haobui/v2n/yocto_sc/build/../poky/meta/recipes-devtools/xmlto/xmlto_0.0.28.bb:do_fetch)
NOTE: recipe json-c-0.17-r0: task do_fetch: Failed
NOTE: Running task 535 of 738 (/data3/haobui/v2n/yocto_sc/build/../poky/meta/recipes-support/popt/popt_1.19.bb:do_fetch)
NOTE: recipe libaio-0.3.113-r0: task do_fetch: Started
NOTE: recipe libaio-0.3.113-r0: task do_fetch: Failed
NOTE: recipe libtraceevent-1.7.3-r0: task do_fetch: Started
NOTE: Running task 536 of 738 (/data3/haobui/v2n/yocto_sc/build/../poky/meta/recipes-core/glib-2.0/glib-2.0_2.78.6.bb:do_fetch)
NOTE: recipe libnewt-0.52.24-r0: task do_fetch: Started
NOTE: recipe libtraceevent-1.7.3-r0: task do_fetch: Failed
NOTE: recipe binutils-2.42-r0: task do_fetch: Started
NOTE: recipe libunwind-1.6.2-r0: task do_fetch: Started
NOTE: recipe libnewt-0.52.24-r0: task do_fetch: Failed
NOTE: Running task 537 of 738 (/data3/haobui/v2n/yocto_sc/build/../poky/meta/recipes-bsp/pciutils/pciutils_3.11.1.bb:do_fetch)
NOTE: recipe xz-5.4.6-r0: task do_fetch: Started
NOTE: recipe binutils-2.42-r0: task do_fetch: Failed
NOTE: recipe slang-2.3.3-r0: task do_fetch: Started
NOTE: recipe libunwind-1.6.2-r0: task do_fetch: Failed
NOTE: Running task 538 of 738 (/data3/haobui/v2n/yocto_sc/build/../poky/meta/recipes-support/libnl/libnl_3.9.0.bb:do_fetch)
NOTE: Running task 539 of 738 (/data3/haobui/v2n/yocto_sc/build/../poky/meta/recipes-extended/libmnl/libmnl_1.0.5.bb:do_fetch)
NOTE: Running task 540 of 738 (/data3/haobui/v2n/yocto_sc/build/../poky/meta/recipes-graphics/xorg-lib/libpciaccess_0.18.bb:do_fetch)
NOTE: recipe xz-5.4.6-r0: task do_fetch: Failed
NOTE: recipe elfutils-0.191-r0: task do_fetch: Started
NOTE: recipe slang-2.3.3-r0: task do_fetch: Failed
NOTE: Running task 541 of 738 (/data3/haobui/v2n/yocto_sc/build/../poky/meta/recipes-graphics/xorg-lib/libpthread-stubs_0.5.bb:do_fetch)
NOTE: Running task 542 of 738 (/data3/haobui/v2n/yocto_sc/build/../poky/meta/recipes-multimedia/alsa/alsa-lib_1.2.11.bb:do_fetch)
NOTE: recipe elfutils-0.191-r0: task do_fetch: Failed
NOTE: recipe asciidoc-native-10.2.0-r0: task do_fetch: Started
NOTE: Running task 543 of 738 (/data3/haobui/v2n/yocto_sc/build/../poky/meta/recipes-graphics/jpeg/libjpeg-turbo_3.0.1.bb:do_fetch)
NOTE: recipe asciidoc-native-10.2.0-r0: task do_fetch: Failed
NOTE: recipe popt-1.19-r0: task do_fetch: Started
NOTE: Running task 544 of 738 (/data3/haobui/v2n/yocto_sc/build/../poky/meta/recipes-support/lzo/lzo_2.10.bb:do_fetch)
NOTE: recipe xmlto-native-0.0.28+0.0.29+git-r0: task do_fetch: Started
NOTE: recipe popt-1.19-r0: task do_fetch: Failed
NOTE: recipe xmlto-native-0.0.28+0.0.29+git-r0: task do_fetch: Failed
NOTE: Running task 545 of 738 (/data3/haobui/v2n/yocto_sc/build/../poky/meta/recipes-devtools/e2fsprogs/e2fsprogs_1.47.0.bb:do_fetch)
NOTE: Running task 546 of 738 (/data3/haobui/v2n/yocto_sc/build/../poky/meta/recipes-core/util-linux/util-linux-libuuid_2.39.3.bb:do_fetch)
NOTE: recipe python3-3.12.4-r0: task do_fetch: Started
NOTE: recipe python3-3.12.4-r0: task do_fetch: Failed
NOTE: Running task 547 of 738 (/data3/haobui/v2n/yocto_sc/build/../poky/meta/recipes-support/libcap-ng/libcap-ng_0.8.5.bb:do_fetch)
NOTE: recipe glib-2.0-1_2.78.6-r0: task do_fetch: Started
NOTE: recipe pciutils-3.11.1-r0: task do_fetch: Started
NOTE: recipe libnl-1_3.9.0-r0: task do_fetch: Started
NOTE: recipe libmnl-1.0.5-r0: task do_fetch: Started
NOTE: recipe libpciaccess-0.18-r0: task do_fetch: Started
NOTE: recipe libpthread-stubs-0.5-r0: task do_fetch: Started
NOTE: recipe glib-2.0-1_2.78.6-r0: task do_fetch: Failed
NOTE: Running task 548 of 738 (/data3/haobui/v2n/yocto_sc/build/../poky/meta/recipes-support/attr/attr_2.5.1.bb:do_fetch)
NOTE: recipe libnl-1_3.9.0-r0: task do_fetch: Failed
NOTE: recipe libpthread-stubs-0.5-r0: task do_fetch: Failed
NOTE: recipe libmnl-1.0.5-r0: task do_fetch: Failed
NOTE: recipe libpciaccess-0.18-r0: task do_fetch: Failed
NOTE: recipe alsa-lib-1.2.11-r0: task do_fetch: Started
NOTE: recipe pciutils-3.11.1-r0: task do_fetch: Failed
NOTE: Running task 549 of 738 (/data3/haobui/v2n/yocto_sc/build/../poky/meta/recipes-core/libxcrypt/libxcrypt_4.4.36.bb:do_fetch)
NOTE: Running task 550 of 738 (/data3/haobui/v2n/yocto_sc/build/../poky/meta/recipes-support/libcap/libcap_2.69.bb:do_fetch)
NOTE: Running task 551 of 738 (/data3/haobui/v2n/yocto_sc/build/../poky/meta/recipes-extended/zstd/zstd_1.5.5.bb:do_fetch)
NOTE: Running task 552 of 738 (/data3/haobui/v2n/yocto_sc/build/../poky/meta/recipes-support/attr/acl_2.3.2.bb:do_fetch)
NOTE: Running task 553 of 738 (/data3/haobui/v2n/yocto_sc/build/../poky/meta/recipes-support/bash-completion/bash-completion_2.12.0.bb:do_fetch)
NOTE: recipe alsa-lib-1.2.11-r0: task do_fetch: Failed
NOTE: recipe libjpeg-turbo-1_3.0.1-r0: task do_fetch: Started
NOTE: recipe lzo-2.10-r0: task do_fetch: Started
NOTE: Running task 554 of 738 (/data3/haobui/v2n/yocto_sc/build/../poky/meta/recipes-extended/pam/libpam_1.5.3.bb:do_fetch)
NOTE: recipe libjpeg-turbo-1_3.0.1-r0: task do_fetch: Failed
NOTE: Running task 555 of 738 (/data3/haobui/v2n/yocto_sc/build/../poky/meta/recipes-support/libseccomp/libseccomp_2.5.5.bb:do_fetch)
NOTE: recipe lzo-2.10-r0: task do_fetch: Failed
NOTE: Running task 556 of 738 (virtual:native:/data3/haobui/v2n/yocto_sc/build/../poky/meta/recipes-devtools/intltool/intltool_0.51.0.bb:do_fetch)
NOTE: recipe util-linux-libuuid-2.39.3-r0: task do_fetch: Started
NOTE: recipe libcap-ng-0.8.5-r0: task do_fetch: Started
NOTE: recipe e2fsprogs-1.47.0-r0: task do_fetch: Started
NOTE: recipe util-linux-libuuid-2.39.3-r0: task do_fetch: Failed
NOTE: recipe libcap-ng-0.8.5-r0: task do_fetch: Failed
NOTE: Running task 557 of 738 (virtual:native:/data3/haobui/v2n/yocto_sc/build/../poky/meta/recipes-devtools/python/python3-jinja2_3.1.4.bb:do_fetch)
NOTE: Running task 558 of 738 (/data3/haobui/v2n/yocto_sc/build/../poky/meta/recipes-kernel/kmod/kmod_31.bb:do_fetch)
NOTE: recipe e2fsprogs-1.47.0-r0: task do_fetch: Failed
NOTE: Running task 560 of 738 (virtual:native:/data3/haobui/v2n/yocto_sc/build/../poky/meta/recipes-extended/shadow/shadow_4.14.2.bb:do_fetch)
NOTE: recipe attr-2.5.1-r0: task do_fetch: Started
NOTE: recipe libxcrypt-4.4.36-r0: task do_fetch: Started
NOTE: recipe libcap-2.69-r0: task do_fetch: Started
NOTE: recipe zstd-1.5.5-r0: task do_fetch: Started
NOTE: recipe acl-2.3.2-r0: task do_fetch: Started
NOTE: recipe bash-completion-2.12.0-r0: task do_fetch: Started
NOTE: recipe attr-2.5.1-r0: task do_fetch: Failed
NOTE: recipe libxcrypt-4.4.36-r0: task do_fetch: Failed
NOTE: recipe libcap-2.69-r0: task do_fetch: Failed
NOTE: recipe zstd-1.5.5-r0: task do_fetch: Failed
NOTE: recipe libpam-1.5.3-r0: task do_fetch: Started
NOTE: recipe acl-2.3.2-r0: task do_fetch: Failed
NOTE: Running task 561 of 738 (virtual:native:/data3/haobui/v2n/yocto_sc/build/../poky/meta/recipes-extended/unzip/unzip_6.0.bb:do_fetch)
NOTE: Running task 562 of 738 (/data3/haobui/v2n/yocto_sc/build/../poky/meta/recipes-devtools/libtool/libtool-cross_2.4.7.bb:do_fetch)
NOTE: Running task 563 of 738 (virtual:native:/data3/haobui/v2n/yocto_sc/build/../poky/meta/recipes-extended/groff/groff_1.23.0.bb:do_fetch)
NOTE: Running task 565 of 738 (virtual:native:/data3/haobui/v2n/yocto_sc/build/../poky/meta/recipes-support/lzop/lzop_1.04.bb:do_fetch)
NOTE: Running task 566 of 738 (virtual:native:/data3/haobui/v2n/yocto_sc/build/../poky/meta/recipes-extended/libsolv/libsolv_0.7.28.bb:do_fetch)
NOTE: recipe bash-completion-2.12.0-r0: task do_fetch: Failed
NOTE: recipe libseccomp-2.5.5-r0: task do_fetch: Started
NOTE: Running task 567 of 738 (virtual:native:/data3/haobui/v2n/yocto_sc/build/../poky/meta/recipes-devtools/json-c/json-c_0.17.bb:do_fetch)
NOTE: recipe libpam-1.5.3-r0: task do_fetch: Failed
NOTE: Running task 568 of 738 (virtual:native:/data3/haobui/v2n/yocto_sc/build/../poky/meta/recipes-devtools/swig/swig_4.2.1.bb:do_fetch)
NOTE: recipe libseccomp-2.5.5-r0: task do_fetch: Failed
NOTE: Running task 569 of 738 (virtual:native:/data3/haobui/v2n/yocto_sc/build/../poky/meta/recipes-gnome/gobject-introspection/gobject-introspection_1.78.1.bb:do_fetch)
NOTE: recipe intltool-native-0.51.0-r0: task do_fetch: Started
NOTE: recipe intltool-native-0.51.0-r0: task do_fetch: Failed
NOTE: Running task 570 of 738 (virtual:native:/data3/haobui/v2n/yocto_sc/build/../poky/meta/recipes-devtools/libmodulemd/libmodulemd_git.bb:do_fetch)
NOTE: recipe kmod-31-r0: task do_fetch: Started
NOTE: recipe kmod-31-r0: task do_fetch: Failed
NOTE: Running task 571 of 738 (virtual:native:/data3/haobui/v2n/yocto_sc/build/../poky/meta/recipes-support/libcheck/libcheck_0.15.2.bb:do_fetch)
NOTE: recipe python3-jinja2-native-3.1.4-r0: task do_fetch: Started
NOTE: recipe python3-jinja2-native-3.1.4-r0: task do_fetch: Failed
NOTE: recipe shadow-native-4.14.2-r0: task do_fetch: Started
NOTE: Running task 572 of 738 (virtual:native:/data3/haobui/v2n/yocto_sc/build/../poky/meta/recipes-support/gpgme/gpgme_1.23.2.bb:do_fetch)
NOTE: recipe shadow-native-4.14.2-r0: task do_fetch: Failed
NOTE: recipe libtool-cross-2.4.7-r0: task do_fetch: Started
NOTE: Running task 573 of 738 (virtual:native:/data3/haobui/v2n/yocto_sc/build/../poky/meta/recipes-support/re2c/re2c_3.1.bb:do_fetch)
NOTE: recipe libtool-cross-2.4.7-r0: task do_fetch: Failed
NOTE: Running task 574 of 738 (virtual:native:/data3/haobui/v2n/yocto_sc/build/../poky/meta/recipes-extended/lzip/lzlib_1.14.bb:do_fetch)
NOTE: recipe unzip-native-1_6.0-r0: task do_fetch: Started
NOTE: recipe lzop-native-1.04-r0: task do_fetch: Started
NOTE: recipe groff-native-1.23.0-r0: task do_fetch: Started
NOTE: recipe unzip-native-1_6.0-r0: task do_fetch: Failed
NOTE: recipe swig-native-4.2.1-r0: task do_fetch: Started
NOTE: recipe groff-native-1.23.0-r0: task do_fetch: Failed
NOTE: recipe libsolv-native-0.7.28-r0: task do_fetch: Started
NOTE: recipe lzop-native-1.04-r0: task do_fetch: Failed
NOTE: Running task 575 of 738 (virtual:native:/data3/haobui/v2n/yocto_sc/build/../poky/meta/recipes-support/libcap/libcap_2.69.bb:do_fetch)
NOTE: recipe swig-native-4.2.1-r0: task do_fetch: Failed
NOTE: Running task 576 of 738 (virtual:native:/data3/haobui/v2n/yocto_sc/build/../poky/meta/recipes-support/libgpg-error/libgpg-error_1.48.bb:do_fetch)
NOTE: recipe json-c-native-0.17-r0: task do_fetch: Started
NOTE: Running task 577 of 738 (virtual:native:/data3/haobui/v2n/yocto_sc/build/../poky/meta/recipes-devtools/make/make_4.4.1.bb:do_fetch)
NOTE: Running task 578 of 738 (virtual:native:/data3/haobui/v2n/yocto_sc/build/../poky/meta/recipes-devtools/perl-cross/perlcross_1.5.2.bb:do_fetch)
NOTE: recipe libsolv-native-0.7.28-r0: task do_fetch: Failed
NOTE: Running task 579 of 738 (virtual:native:/data3/haobui/v2n/yocto_sc/build/../poky/meta/recipes-extended/gperf/gperf_3.1.bb:do_fetch)
NOTE: recipe json-c-native-0.17-r0: task do_fetch: Failed
NOTE: recipe gobject-introspection-native-1.78.1-r0: task do_fetch: Started
NOTE: Running task 580 of 738 (virtual:native:/data3/haobui/v2n/yocto_sc/build/../poky/meta/recipes-devtools/meson/meson_1.3.1.bb:do_fetch)
NOTE: recipe gobject-introspection-native-1.78.1-r0: task do_fetch: Failed
NOTE: recipe libmodulemd-native-2.15.0-r0: task do_fetch: Started
NOTE: recipe libcheck-native-0.15.2-r0: task do_fetch: Started
NOTE: Running task 581 of 738 (virtual:native:/data3/haobui/v2n/yocto_sc/build/../poky/meta/recipes-extended/libarchive/libarchive_3.7.4.bb:do_fetch)
NOTE: recipe libmodulemd-native-2.15.0-r0: task do_fetch: Failed
NOTE: recipe libcheck-native-0.15.2-r0: task do_fetch: Failed
NOTE: Running task 582 of 738 (virtual:native:/data3/haobui/v2n/yocto_sc/build/../poky/meta/recipes-support/libmicrohttpd/libmicrohttpd_1.0.1.bb:do_fetch)
NOTE: Running task 583 of 738 (virtual:native:/data3/haobui/v2n/yocto_sc/build/../poky/meta/recipes-support/libcap-ng/libcap-ng_0.8.5.bb:do_fetch)
NOTE: recipe gpgme-native-1.23.2-r0: task do_fetch: Started
NOTE: recipe re2c-native-3.1-r0: task do_fetch: Started
NOTE: recipe re2c-native-3.1-r0: task do_fetch: Failed
NOTE: Running task 584 of 738 (virtual:native:/data3/haobui/v2n/yocto_sc/build/../poky/meta/recipes-support/libpcre/libpcre2_10.43.bb:do_fetch)
NOTE: recipe gpgme-native-1.23.2-r0: task do_fetch: Failed
NOTE: recipe lzlib-native-1.14-r0: task do_fetch: Started
NOTE: Running task 585 of 738 (virtual:native:/data3/haobui/v2n/yocto_sc/build/../poky/meta/recipes-support/mpfr/mpfr_4.2.1.bb:do_fetch)
NOTE: recipe lzlib-native-1.14-r0: task do_fetch: Failed
NOTE: Running task 586 of 738 (/data3/haobui/v2n/yocto_sc/build/../poky/meta/recipes-devtools/gcc/gcc-source_13.3.bb:do_fetch)
NOTE: recipe libcap-native-2.69-r0: task do_fetch: Started
NOTE: recipe perlcross-native-1.5.2-r0: task do_fetch: Started
NOTE: recipe libcap-native-2.69-r0: task do_fetch: Failed
NOTE: recipe perlcross-native-1.5.2-r0: task do_fetch: Failed
NOTE: recipe gperf-native-3.1-r0: task do_fetch: Started
NOTE: recipe make-native-4.4.1-r0: task do_fetch: Started
NOTE: Running task 587 of 738 (virtual:native:/data3/haobui/v2n/yocto_sc/build/../poky/meta/recipes-devtools/git/git_2.44.1.bb:do_fetch)
NOTE: recipe libgpg-error-native-1.48-r0: task do_fetch: Started
NOTE: Running task 588 of 738 (virtual:native:/data3/haobui/v2n/yocto_sc/build/../poky/meta/recipes-gnome/gtk-doc/gtk-doc_1.33.2.bb:do_fetch)
NOTE: recipe make-native-4.4.1-r0: task do_fetch: Failed
NOTE: Running task 589 of 738 (/data3/haobui/v2n/yocto_sc/build/../poky/meta/recipes-devtools/make/make_4.4.1.bb:do_fetch)
NOTE: recipe gperf-native-3.1-r0: task do_fetch: Failed
NOTE: recipe libgpg-error-native-1.48-r0: task do_fetch: Failed
NOTE: Running task 590 of 738 (/data3/haobui/v2n/yocto_sc/build/../meta-renesas/meta-rz-bsp/recipes-kernel/linux-libc-headers/linux-libc-headers_6.1.bb:do_fetch)
NOTE: Running task 591 of 738 (/data3/haobui/v2n/yocto_sc/build/../poky/meta/recipes-support/ptest-runner/ptest-runner_2.4.4.bb:do_fetch)
NOTE: recipe meson-native-1.3.1-r0: task do_fetch: Started
NOTE: recipe meson-native-1.3.1-r0: task do_fetch: Failed
NOTE: Running task 592 of 738 (/data3/haobui/v2n/yocto_sc/build/../poky/meta/recipes-devtools/perl/perl_5.38.2.bb:do_fetch)
NOTE: recipe gcc-source-13.3.0-13.3.0-r0: task do_fetch: Started
NOTE: recipe libarchive-native-3.7.4-r0: task do_fetch: Started
NOTE: recipe libarchive-native-3.7.4-r0: task do_fetch: Failed
NOTE: recipe libmicrohttpd-native-1.0.1-r0: task do_fetch: Started
NOTE: recipe libcap-ng-native-0.8.5-r0: task do_fetch: Started
NOTE: recipe gcc-source-13.3.0-13.3.0-r0: task do_fetch: Failed
NOTE: Running task 593 of 738 (/data3/haobui/v2n/yocto_sc/build/../poky/meta/recipes-extended/sed/sed_4.9.bb:do_fetch)
NOTE: Running task 594 of 738 (/data3/haobui/v2n/yocto_sc/build/../poky/meta/recipes-extended/bash/bash_5.2.21.bb:do_fetch)
NOTE: recipe libmicrohttpd-native-1.0.1-r0: task do_fetch: Failed
NOTE: Running task 595 of 738 (virtual:native:/data3/haobui/v2n/yocto_sc/build/../poky/meta/recipes-devtools/python/python3-pyproject-hooks_1.0.0.bb:do_fetch)
NOTE: recipe libcap-ng-native-0.8.5-r0: task do_fetch: Failed
NOTE: Running task 596 of 738 (virtual:native:/data3/haobui/v2n/yocto_sc/build/../poky/meta/recipes-devtools/python/python3-packaging_23.2.bb:do_fetch)
NOTE: recipe mpfr-native-4.2.1-r0: task do_fetch: Started
NOTE: recipe libpcre2-native-10.43-r0: task do_fetch: Started
NOTE: recipe mpfr-native-4.2.1-r0: task do_fetch: Failed
NOTE: Running task 597 of 738 (/data3/haobui/v2n/yocto_sc/build/../poky/meta/recipes-devtools/m4/m4-native_1.4.19.bb:do_fetch)
NOTE: recipe libpcre2-native-10.43-r0: task do_fetch: Failed
NOTE: recipe make-4.4.1-r0: task do_fetch: Started
NOTE: Running task 598 of 738 (/data3/haobui/v2n/yocto_sc/build/../poky/meta/recipes-extended/blktool/blktool_4-7.1.bb:do_fetch)
NOTE: recipe linux-libc-headers-6.1.54-cip6+git-r0: task do_fetch: Started
NOTE: recipe ptest-runner-2.4.4+git-r0: task do_fetch: Started
NOTE: recipe make-4.4.1-r0: task do_fetch: Failed
NOTE: recipe linux-libc-headers-6.1.54-cip6+git-r0: task do_fetch: Failed
NOTE: Running task 599 of 738 (/data3/haobui/v2n/yocto_sc/build/../poky/meta/recipes-extended/ltp/ltp_20240129.bb:do_fetch)
NOTE: Running task 600 of 738 (/data3/haobui/v2n/yocto_sc/build/../poky/meta/recipes-kernel/kexec/kexec-tools_2.0.28.bb:do_fetch)
NOTE: recipe ptest-runner-2.4.4+git-r0: task do_fetch: Failed
NOTE: Running task 601 of 738 (/data3/haobui/v2n/yocto_sc/build/../poky/meta/recipes-connectivity/connman/connman_1.42.bb:do_fetch)
NOTE: recipe git-native-2.44.1-r0: task do_fetch: Started
NOTE: recipe gtk-doc-native-1.33.2-r0: task do_fetch: Started
NOTE: recipe git-native-2.44.1-r0: task do_fetch: Failed
NOTE: recipe gtk-doc-native-1.33.2-r0: task do_fetch: Failed
NOTE: recipe perl-5.38.2-r0: task do_fetch: Started
NOTE: Running task 602 of 738 (/data3/haobui/v2n/yocto_sc/build/../poky/meta/recipes-multimedia/alsa/alsa-utils_1.2.11.bb:do_fetch)
NOTE: Running task 603 of 738 (/data3/haobui/v2n/yocto_sc/build/../poky/meta/recipes-extended/go-examples/go-helloworld_0.1.bb:do_fetch)
NOTE: recipe perl-5.38.2-r0: task do_fetch: Failed
NOTE: recipe sed-4.9-r0: task do_fetch: Started
NOTE: Running task 604 of 738 (/data3/haobui/v2n/yocto_sc/build/../poky/meta/recipes-connectivity/ofono/ofono_2.4.bb:do_fetch)
NOTE: recipe bash-5.2.21-r0: task do_fetch: Started
NOTE: recipe m4-native-1.4.19-r0: task do_fetch: Started
NOTE: recipe sed-4.9-r0: task do_fetch: Failed
NOTE: recipe m4-native-1.4.19-r0: task do_fetch: Failed
NOTE: Running task 605 of 738 (/data3/haobui/v2n/yocto_sc/build/../poky/meta/recipes-kernel/lttng/lttng-tools_2.13.13.bb:do_fetch)
NOTE: Running task 606 of 738 (/data3/haobui/v2n/yocto_sc/build/../poky/meta/recipes-kernel/systemtap/systemtap_git.bb:do_fetch)
NOTE: recipe bash-5.2.21-r0: task do_fetch: Failed
NOTE: recipe python3-pyproject-hooks-native-1.0.0-r0: task do_fetch: Started
NOTE: Running task 607 of 738 (/data3/haobui/v2n/yocto_sc/build/../poky/meta/recipes-kernel/blktrace/blktrace_git.bb:do_fetch)
NOTE: recipe python3-pyproject-hooks-native-1.0.0-r0: task do_fetch: Failed
NOTE: recipe python3-packaging-native-23.2-r0: task do_fetch: Started
NOTE: recipe blktool-4-7.1-r0: task do_fetch: Started
NOTE: Running task 608 of 738 (/data3/haobui/v2n/yocto_sc/build/../poky/meta/recipes-kernel/lttng/babeltrace2_2.0.6.bb:do_fetch)
NOTE: recipe python3-packaging-native-23.2-r0: task do_fetch: Failed
NOTE: recipe blktool-4-7.1-r0: task do_fetch: Failed
NOTE: recipe ltp-20240129-r0: task do_fetch: Started
NOTE: Running task 609 of 738 (/data3/haobui/v2n/yocto_sc/build/../poky/meta/recipes-kernel/lttng/babeltrace_1.5.11.bb:do_fetch)
NOTE: Running task 610 of 738 (/data3/haobui/v2n/yocto_sc/build/../poky/meta/recipes-kernel/powertop/powertop_2.15.bb:do_fetch)
NOTE: recipe ltp-20240129-r0: task do_fetch: Failed
NOTE: recipe kexec-tools-2.0.28-r0: task do_fetch: Started
NOTE: Running task 611 of 738 (/data3/haobui/v2n/yocto_sc/build/../meta-openembedded/meta-oe/recipes-benchmark/bonnie/bonnie++_2.00a.bb:do_fetch)
NOTE: recipe kexec-tools-2.0.28-r0: task do_fetch: Failed
NOTE: Running task 612 of 738 (/data3/haobui/v2n/yocto_sc/build/../poky/meta/recipes-extended/watchdog/watchdog_5.16.bb:do_fetch)
NOTE: recipe connman-1.42-r0: task do_fetch: Started
NOTE: recipe alsa-utils-1.2.11-r0: task do_fetch: Started
NOTE: recipe connman-1.42-r0: task do_fetch: Failed
NOTE: recipe go-helloworld-0.1-r0: task do_fetch: Started
NOTE: Running task 613 of 738 (/data3/haobui/v2n/yocto_sc/build/../poky/meta/recipes-extended/ethtool/ethtool_6.7.bb:do_fetch)
NOTE: recipe alsa-utils-1.2.11-r0: task do_fetch: Failed
NOTE: Running task 614 of 738 (/data3/haobui/v2n/yocto_sc/build/../meta-openembedded/meta-oe/recipes-multimedia/v4l2apps/yavta_git.bb:do_fetch)
NOTE: recipe go-helloworld-0.1-r0: task do_fetch: Failed
NOTE: Running task 615 of 738 (/data3/haobui/v2n/yocto_sc/build/../meta-openembedded/meta-oe/recipes-support/ckermit/ckermit_302.bb:do_fetch)
NOTE: recipe ofono-2.4-r0: task do_fetch: Started
NOTE: recipe systemtap-5.0-r0: task do_fetch: Started
NOTE: recipe ofono-2.4-r0: task do_fetch: Failed
NOTE: recipe lttng-tools-2.13.13-r0: task do_fetch: Started
NOTE: recipe blktrace-1.3.0+git-r0: task do_fetch: Started
NOTE: Running task 616 of 738 (/data3/haobui/v2n/yocto_sc/build/../meta-openembedded/meta-oe/recipes-benchmark/memtester/memtester_4.6.0.bb:do_fetch)
NOTE: recipe systemtap-5.0-r0: task do_fetch: Failed
NOTE: Running task 617 of 738 (/data3/haobui/v2n/yocto_sc/build/../poky/meta/recipes-graphics/drm/libdrm_2.4.120.bb:do_fetch)
NOTE: recipe lttng-tools-2.13.13-r0: task do_fetch: Failed
NOTE: recipe blktrace-1.3.0+git-r0: task do_fetch: Failed
NOTE: Running task 618 of 738 (/data3/haobui/v2n/yocto_sc/build/../meta-openembedded/meta-oe/recipes-benchmark/iperf3/iperf3_3.16.bb:do_fetch)
NOTE: Running task 619 of 738 (/data3/haobui/v2n/yocto_sc/build/../meta-openembedded/meta-oe/recipes-multimedia/v4l2apps/v4l-utils_1.26.1.bb:do_fetch)
NOTE: recipe babeltrace2-2.0.6-r0: task do_fetch: Started
NOTE: recipe babeltrace2-2.0.6-r0: task do_fetch: Failed
NOTE: recipe babeltrace-1.5.11-r0: task do_fetch: Started
NOTE: Running task 620 of 738 (/data3/haobui/v2n/yocto_sc/build/../poky/meta/recipes-extended/minicom/minicom_2.9.bb:do_fetch)
NOTE: recipe powertop-2.15-r0: task do_fetch: Started
NOTE: recipe bonnie++-2.00a-r0: task do_fetch: Started
NOTE: recipe babeltrace-1.5.11-r0: task do_fetch: Failed
NOTE: recipe powertop-2.15-r0: task do_fetch: Failed
NOTE: recipe watchdog-5.16-r0: task do_fetch: Started
NOTE: recipe bonnie++-2.00a-r0: task do_fetch: Failed
NOTE: Running task 621 of 738 (/data3/haobui/v2n/yocto_sc/build/../poky/meta/recipes-devtools/i2c-tools/i2c-tools_4.3.bb:do_fetch)
NOTE: Running task 622 of 738 (/data3/haobui/v2n/yocto_sc/build/../poky/meta/recipes-devtools/tcf-agent/tcf-agent_git.bb:do_fetch)
NOTE: Running task 623 of 738 (/data3/haobui/v2n/yocto_sc/build/../poky/meta/recipes-devtools/dosfstools/dosfstools_4.2.bb:do_fetch)
NOTE: recipe yavta-0.0-r0: task do_fetch: Started
NOTE: recipe watchdog-5.16-r0: task do_fetch: Failed
NOTE: Running task 624 of 738 (/data3/haobui/v2n/yocto_sc/build/../poky/meta/recipes-devtools/mtd/mtd-utils_git.bb:do_fetch)
NOTE: recipe ethtool-6.7-r0: task do_fetch: Started
NOTE: recipe yavta-0.0-r0: task do_fetch: Failed
NOTE: Running task 625 of 738 (/data3/haobui/v2n/yocto_sc/build/../poky/meta/recipes-core/util-linux/util-linux_2.39.3.bb:do_fetch)
NOTE: recipe ckermit-302-r0: task do_fetch: Started
NOTE: recipe ethtool-6.7-r0: task do_fetch: Failed
NOTE: recipe ckermit-302-r0: task do_fetch: Failed
NOTE: Running task 626 of 738 (/data3/haobui/v2n/yocto_sc/build/../poky/meta/recipes-extended/shadow/shadow_4.14.2.bb:do_fetch)
NOTE: Running task 627 of 738 (/data3/haobui/v2n/yocto_sc/build/../poky/meta/recipes-devtools/opkg-utils/opkg-utils_0.6.3.bb:do_fetch)
NOTE: recipe memtester-4.6.0-r0: task do_fetch: Started
NOTE: recipe libdrm-2.4.120-r0: task do_fetch: Started
NOTE: recipe iperf3-3.16-r0: task do_fetch: Started
NOTE: recipe memtester-4.6.0-r0: task do_fetch: Failed
NOTE: recipe libdrm-2.4.120-r0: task do_fetch: Failed
NOTE: recipe iperf3-3.16-r0: task do_fetch: Failed
NOTE: Running task 629 of 738 (/data3/haobui/v2n/yocto_sc/build/../poky/meta/recipes-core/busybox/busybox_1.36.1.bb:do_fetch)
NOTE: Running task 630 of 738 (/data3/haobui/v2n/yocto_sc/build/../poky/meta/recipes-core/base-passwd/base-passwd_3.6.3.bb:do_fetch)
NOTE: Running task 631 of 738 (/data3/haobui/v2n/yocto_sc/build/../poky/meta/recipes-core/netbase/netbase_6.4.bb:do_fetch)
NOTE: recipe minicom-2.9-r0: task do_fetch: Started
NOTE: recipe v4l-utils-1.26.1+git-r0: task do_fetch: Started
NOTE: recipe v4l-utils-1.26.1+git-r0: task do_fetch: Failed
NOTE: recipe minicom-2.9-r0: task do_fetch: Failed
NOTE: recipe i2c-tools-4.3-r0: task do_fetch: Started
NOTE: recipe tcf-agent-1.8.0+git-r0: task do_fetch: Started
NOTE: recipe dosfstools-4.2-r0: task do_fetch: Started
NOTE: Running task 632 of 738 (/data3/haobui/v2n/yocto_sc/build/../poky/meta/recipes-core/systemd/systemd_255.4.bb:do_fetch)
NOTE: Running task 633 of 738 (virtual:native:/data3/haobui/v2n/yocto_sc/build/../poky/meta/recipes-support/debianutils/debianutils_5.16.bb:do_fetch)
NOTE: recipe tcf-agent-1.8.0+git-r0: task do_fetch: Failed
NOTE: recipe i2c-tools-4.3-r0: task do_fetch: Failed
NOTE: Running task 634 of 738 (virtual:native:/data3/haobui/v2n/yocto_sc/build/../poky/meta/recipes-core/gettext/gettext_0.22.5.bb:do_fetch)
NOTE: recipe dosfstools-4.2-r0: task do_fetch: Failed
NOTE: Running task 635 of 738 (virtual:native:/data3/haobui/v2n/yocto_sc/build/../poky/meta/recipes-devtools/python/python3-flit-core_3.9.0.bb:do_fetch)
NOTE: Running task 636 of 738 (virtual:native:/data3/haobui/v2n/yocto_sc/build/../poky/meta/recipes-support/gdbm/gdbm_1.23.bb:do_fetch)
NOTE: recipe mtd-utils-2.1.6-r0: task do_fetch: Started
NOTE: recipe mtd-utils-2.1.6-r0: task do_fetch: Failed
NOTE: Running task 637 of 738 (virtual:native:/data3/haobui/v2n/yocto_sc/build/../poky/meta/recipes-support/libffi/libffi_3.4.6.bb:do_fetch)
NOTE: recipe opkg-utils-0.6.3-r0: task do_fetch: Started
NOTE: recipe shadow-4.14.2-r0: task do_fetch: Started
NOTE: recipe opkg-utils-0.6.3-r0: task do_fetch: Failed
NOTE: recipe netbase-1_6.4-r0: task do_fetch: Started
NOTE: Running task 638 of 738 (virtual:native:/data3/haobui/v2n/yocto_sc/build/../poky/meta/recipes-devtools/libedit/libedit_20230828-3.1.bb:do_fetch)
NOTE: recipe shadow-4.14.2-r0: task do_fetch: Failed
NOTE: recipe util-linux-2.39.3-r0: task do_fetch: Started
NOTE: Running task 639 of 738 (virtual:native:/data3/haobui/v2n/yocto_sc/build/../poky/meta/recipes-extended/libnsl/libnsl2_git.bb:do_fetch)
NOTE: recipe base-passwd-3.6.3-r0: task do_fetch: Started
NOTE: recipe netbase-1_6.4-r0: task do_fetch: Failed
NOTE: Running task 640 of 738 (virtual:native:/data3/haobui/v2n/yocto_sc/build/../poky/meta/recipes-extended/libtirpc/libtirpc_1.3.4.bb:do_fetch)
NOTE: recipe util-linux-2.39.3-r0: task do_fetch: Failed
NOTE: Running task 641 of 738 (/data3/haobui/v2n/yocto_sc/build/../poky/meta/recipes-core/zlib/zlib_1.3.1.bb:do_fetch)
NOTE: recipe base-passwd-3.6.3-r0: task do_fetch: Failed
NOTE: Running task 642 of 738 (/data3/haobui/v2n/yocto_sc/build/../poky/meta/recipes-core/ncurses/ncurses_6.4.bb:do_fetch)
NOTE: recipe busybox-1.36.1-r0: task do_fetch: Started
NOTE: recipe busybox-1.36.1-r0: task do_fetch: Failed
NOTE: Running task 644 of 738 (virtual:native:/data3/haobui/v2n/yocto_sc/build/../poky/meta/recipes-core/util-linux/util-linux-libuuid_2.39.3.bb:do_fetch)
NOTE: recipe debianutils-native-5.16-r0: task do_fetch: Started
NOTE: recipe systemd-1_255.4-r0: task do_fetch: Started
NOTE: recipe debianutils-native-5.16-r0: task do_fetch: Failed
NOTE: recipe python3-flit-core-native-3.9.0-r0: task do_fetch: Started
NOTE: Running task 645 of 738 (virtual:native:/data3/haobui/v2n/yocto_sc/build/../poky/meta/recipes-support/lzo/lzo_2.10.bb:do_fetch)
NOTE: recipe systemd-1_255.4-r0: task do_fetch: Failed
NOTE: recipe gettext-native-0.22.5-r0: task do_fetch: Started
NOTE: Running task 646 of 738 (virtual:native:/data3/haobui/v2n/yocto_sc/build/../poky/meta/recipes-support/lz4/lz4_1.9.4.bb:do_fetch)
NOTE: recipe python3-flit-core-native-3.9.0-r0: task do_fetch: Failed
NOTE: recipe gdbm-native-1.23-r0: task do_fetch: Started
NOTE: Running task 647 of 738 (virtual:native:/data3/haobui/v2n/yocto_sc/build/../poky/meta/recipes-devtools/flex/flex_2.6.4.bb:do_fetch)
NOTE: recipe gettext-native-0.22.5-r0: task do_fetch: Failed
NOTE: Running task 648 of 738 (virtual:native:/data3/haobui/v2n/yocto_sc/build/../poky/meta/recipes-devtools/gnu-config/gnu-config_git.bb:do_fetch)
NOTE: recipe libffi-native-3.4.6-r0: task do_fetch: Started
NOTE: recipe gdbm-native-1.23-r0: task do_fetch: Failed
NOTE: Running task 649 of 738 (virtual:native:/data3/haobui/v2n/yocto_sc/build/../poky/meta/recipes-devtools/nasm/nasm_2.16.03.bb:do_fetch)
NOTE: recipe zlib-1.3.1-r0: task do_fetch: Started
NOTE: recipe libffi-native-3.4.6-r0: task do_fetch: Failed
NOTE: Running task 650 of 738 (virtual:native:/data3/haobui/v2n/yocto_sc/build/../poky/meta/recipes-devtools/autoconf-archive/autoconf-archive_2023.02.20.bb:do_fetch)
NOTE: recipe libedit-native-20230828-3.1-r0: task do_fetch: Started
NOTE: recipe ncurses-6.4-r0: task do_fetch: Started
NOTE: recipe libnsl2-native-2.0.1-r0: task do_fetch: Started
NOTE: recipe libtirpc-native-1.3.4-r0: task do_fetch: Started
NOTE: recipe zlib-1.3.1-r0: task do_fetch: Failed
NOTE: Running task 652 of 738 (virtual:native:/data3/haobui/v2n/yocto_sc/build/../poky/meta/recipes-core/readline/readline_8.2.bb:do_fetch)
NOTE: recipe libedit-native-20230828-3.1-r0: task do_fetch: Failed
NOTE: Running task 653 of 738 (/data3/haobui/v2n/yocto_sc/build/../poky/meta/recipes-core/glibc/glibc_2.39.bb:do_fetch)
NOTE: recipe libnsl2-native-2.0.1-r0: task do_fetch: Failed
NOTE: recipe ncurses-6.4-r0: task do_fetch: Failed
NOTE: recipe libtirpc-native-1.3.4-r0: task do_fetch: Failed
NOTE: Running task 654 of 738 (/data3/haobui/v2n/yocto_sc/build/../meta-renesas/meta-rz-bsp/recipes-bsp/trusted-firmware-a/bptool-native.bb:do_fetch)
NOTE: Running task 656 of 738 (virtual:native:/data3/haobui/v2n/yocto_sc/build/../poky/meta/recipes-kernel/dtc/dtc_1.7.0.bb:do_fetch)
NOTE: Running task 657 of 738 (/data3/haobui/v2n/yocto_sc/build/../poky/meta/recipes-connectivity/openssl/openssl_3.2.2.bb:do_fetch)
NOTE: recipe util-linux-libuuid-native-2.39.3-r0: task do_fetch: Started
NOTE: recipe util-linux-libuuid-native-2.39.3-r0: task do_fetch: Failed
NOTE: Running task 658 of 738 (/data3/haobui/v2n/yocto_sc/build/../meta-renesas/meta-rz-bsp/recipes-bsp/u-boot/u-boot_2021.10.bb:do_fetch)
NOTE: recipe bptool-native-v2.7+git-r0: task do_fetch: Started
NOTE: recipe lzo-native-2.10-r0: task do_fetch: Started
NOTE: recipe gnu-config-native-20240101+git-r0: task do_fetch: Started
NOTE: recipe bptool-native-v2.7+git-r0: task do_fetch: Failed
NOTE: recipe lzo-native-2.10-r0: task do_fetch: Failed
NOTE: Running task 659 of 738 (virtual:native:/data3/haobui/v2n/yocto_sc/build/../poky/meta/recipes-devtools/python/python3-build_1.1.1.bb:do_fetch)
NOTE: recipe gnu-config-native-20240101+git-r0: task do_fetch: Failed
NOTE: recipe autoconf-archive-native-2023.02.20-r0: task do_fetch: Started
NOTE: recipe lz4-native-1_1.9.4-r0: task do_fetch: Started
NOTE: recipe flex-native-2.6.4-r0: task do_fetch: Started
NOTE: Running task 660 of 738 (virtual:native:/data3/haobui/v2n/yocto_sc/build/../poky/meta/recipes-devtools/python/python3-wheel_0.42.0.bb:do_fetch)
NOTE: Running task 661 of 738 (virtual:native:/data3/haobui/v2n/yocto_sc/build/../poky/meta/recipes-devtools/python/python3-installer_0.7.0.bb:do_fetch)
NOTE: recipe lz4-native-1_1.9.4-r0: task do_fetch: Failed
NOTE: recipe flex-native-2.6.4-r0: task do_fetch: Failed
NOTE: recipe nasm-native-2.16.03-r0: task do_fetch: Started
NOTE: recipe autoconf-archive-native-2023.02.20-r0: task do_fetch: Failed
NOTE: recipe nasm-native-2.16.03-r0: task do_fetch: Failed
NOTE: recipe glibc-2.39+git-r0: task do_fetch: Started
NOTE: recipe openssl-3.2.2-r0: task do_fetch: Started
NOTE: Running task 662 of 738 (virtual:native:/data3/haobui/v2n/yocto_sc/build/../poky/meta/recipes-support/curl/curl_8.7.1.bb:do_fetch)
NOTE: Running task 663 of 738 (virtual:native:/data3/haobui/v2n/yocto_sc/build/../poky/meta/recipes-core/glib-2.0/glib-2.0_2.78.6.bb:do_fetch)
NOTE: Running task 664 of 738 (virtual:native:/data3/haobui/v2n/yocto_sc/build/../poky/meta/recipes-core/zlib/zlib_1.3.1.bb:do_fetch)
NOTE: Running task 665 of 738 (virtual:native:/data3/haobui/v2n/yocto_sc/build/../poky/meta/recipes-core/libxml/libxml2_2.12.8.bb:do_fetch)
NOTE: recipe readline-native-8.2-r0: task do_fetch: Started
NOTE: recipe glibc-2.39+git-r0: task do_fetch: Failed
NOTE: recipe dtc-native-1.7.0-r0: task do_fetch: Started
NOTE: recipe dtc-native-1.7.0-r0: task do_fetch: Failed
NOTE: recipe openssl-3.2.2-r0: task do_fetch: Failed
NOTE: Running task 666 of 738 (virtual:native:/data3/haobui/v2n/yocto_sc/build/../poky/meta/recipes-core/expat/expat_2.6.2.bb:do_fetch)
NOTE: Running task 667 of 738 (virtual:native:/data3/haobui/v2n/yocto_sc/build/../poky/meta/recipes-devtools/libdnf/libdnf_0.73.1.bb:do_fetch)
NOTE: Running task 668 of 738 (virtual:native:/data3/haobui/v2n/yocto_sc/build/../poky/meta/recipes-devtools/libcomps/libcomps_0.1.20.bb:do_fetch)
NOTE: recipe readline-native-8.2-r0: task do_fetch: Failed
NOTE: Running task 669 of 738 (virtual:native:/data3/haobui/v2n/yocto_sc/build/../poky/meta/recipes-devtools/python/python3-iniparse_0.5.bb:do_fetch)
NOTE: recipe u-boot-1_v2021.10+git-r0: task do_fetch: Started
NOTE: recipe u-boot-1_v2021.10+git-r0: task do_fetch: Failed
NOTE: Running task 670 of 738 (virtual:native:/data3/haobui/v2n/yocto_sc/build/../poky/meta/recipes-devtools/librepo/librepo_1.17.0.bb:do_fetch)
NOTE: recipe python3-build-native-1.1.1-r0: task do_fetch: Started
NOTE: recipe python3-build-native-1.1.1-r0: task do_fetch: Failed
NOTE: Running task 671 of 738 (virtual:native:/data3/haobui/v2n/yocto_sc/build/../poky/meta/recipes-devtools/ninja/ninja_1.11.1.bb:do_fetch)
NOTE: recipe python3-wheel-native-0.42.0-r0: task do_fetch: Started
NOTE: recipe python3-wheel-native-0.42.0-r0: task do_fetch: Failed
NOTE: Running task 672 of 738 (virtual:native:/data3/haobui/v2n/yocto_sc/build/../poky/meta/recipes-support/popt/popt_1.19.bb:do_fetch)
NOTE: recipe python3-installer-native-0.7.0-r0: task do_fetch: Started
NOTE: recipe python3-installer-native-0.7.0-r0: task do_fetch: Failed
NOTE: recipe zlib-native-1.3.1-r0: task do_fetch: Started
NOTE: Running task 673 of 738 (/data3/haobui/v2n/yocto_sc/build/../poky/meta/recipes-devtools/cmake/cmake-native_3.28.3.bb:do_fetch)
NOTE: recipe zlib-native-1.3.1-r0: task do_fetch: Failed
NOTE: recipe curl-native-8.7.1-r0: task do_fetch: Started
NOTE: Running task 674 of 738 (virtual:native:/data3/haobui/v2n/yocto_sc/build/../poky/meta/recipes-extended/bzip2/bzip2_1.0.8.bb:do_fetch)
NOTE: recipe libxml2-native-2.12.8-r0: task do_fetch: Started
NOTE: recipe expat-native-2.6.2-r0: task do_fetch: Started
NOTE: recipe libdnf-native-0.73.1-r0: task do_fetch: Started
NOTE: recipe libcomps-native-0.1.20-r0: task do_fetch: Started
NOTE: recipe curl-native-8.7.1-r0: task do_fetch: Failed
NOTE: Running task 675 of 738 (virtual:native:/data3/haobui/v2n/yocto_sc/build/../poky/meta/recipes-devtools/file/file_5.45.bb:do_fetch)
NOTE: recipe glib-2.0-native-1_2.78.6-r0: task do_fetch: Started
NOTE: recipe python3-iniparse-native-0.5-r0: task do_fetch: Started
NOTE: recipe expat-native-2.6.2-r0: task do_fetch: Failed
NOTE: recipe libxml2-native-2.12.8-r0: task do_fetch: Failed
NOTE: recipe libcomps-native-0.1.20-r0: task do_fetch: Failed
NOTE: recipe libdnf-native-0.73.1-r0: task do_fetch: Failed
NOTE: Running task 676 of 738 (virtual:native:/data3/haobui/v2n/yocto_sc/build/../poky/meta/recipes-extended/zstd/zstd_1.5.5.bb:do_fetch)
NOTE: recipe glib-2.0-native-1_2.78.6-r0: task do_fetch: Failed
NOTE: recipe python3-iniparse-native-0.5-r0: task do_fetch: Failed
NOTE: Running task 677 of 738 (virtual:native:/data3/haobui/v2n/yocto_sc/build/../poky/meta/recipes-support/libgcrypt/libgcrypt_1.10.3.bb:do_fetch)
NOTE: Running task 678 of 738 (virtual:native:/data3/haobui/v2n/yocto_sc/build/../poky/meta/recipes-devtools/lua/lua_5.4.6.bb:do_fetch)
NOTE: Running task 679 of 738 (virtual:native:/data3/haobui/v2n/yocto_sc/build/../poky/meta/recipes-devtools/perl/perl_5.38.2.bb:do_fetch)
NOTE: Running task 680 of 738 (/data3/haobui/v2n/yocto_sc/build/../poky/meta/recipes-devtools/qemu/qemu-native_8.2.3.bb:do_fetch)
NOTE: Running task 681 of 738 (/data3/haobui/v2n/yocto_sc/build/../poky/meta/recipes-core/gettext/gettext-minimal-native_0.22.5.bb:do_fetch)
NOTE: recipe librepo-native-1.17.0-r0: task do_fetch: Started
NOTE: recipe librepo-native-1.17.0-r0: task do_fetch: Failed
NOTE: Running task 682 of 738 (virtual:native:/data3/haobui/v2n/yocto_sc/build/../poky/meta/recipes-devtools/elfutils/elfutils_0.191.bb:do_fetch)
NOTE: recipe ninja-native-1.11.1-r0: task do_fetch: Started
NOTE: recipe cmake-native-3.28.3-r0: task do_fetch: Started
NOTE: recipe cmake-native-3.28.3-r0: task do_fetch: Failed
NOTE: recipe ninja-native-1.11.1-r0: task do_fetch: Failed
NOTE: Running task 684 of 738 (virtual:native:/data3/haobui/v2n/yocto_sc/build/../poky/meta/recipes-core/util-linux/util-linux_2.39.3.bb:do_fetch)
NOTE: Running task 685 of 738 (virtual:native:/data3/haobui/v2n/yocto_sc/build/../poky/meta/recipes-connectivity/openssl/openssl_3.2.2.bb:do_fetch)
NOTE: recipe popt-native-1.19-r0: task do_fetch: Started
NOTE: recipe gettext-minimal-native-0.22.5-r0: task do_fetch: Started
NOTE: recipe qemu-native-8.2.3-r0: task do_fetch: Started
NOTE: recipe popt-native-1.19-r0: task do_fetch: Failed
NOTE: recipe gettext-minimal-native-0.22.5-r0: task do_fetch: Failed
NOTE: Running task 686 of 738 (virtual:native:/data3/haobui/v2n/yocto_sc/build/../poky/meta/recipes-support/libmpc/libmpc_1.3.1.bb:do_fetch)
NOTE: recipe qemu-native-8.2.3-r0: task do_fetch: Failed
NOTE: Running task 687 of 738 (virtual:native:/data3/haobui/v2n/yocto_sc/build/../poky/meta/recipes-support/gmp/gmp_6.3.0.bb:do_fetch)
NOTE: Running task 688 of 738 (virtual:native:/data3/haobui/v2n/yocto_sc/build/../poky/meta/recipes-devtools/bison/bison_3.8.2.bb:do_fetch)
NOTE: recipe bzip2-native-1.0.8-r0: task do_fetch: Started
NOTE: recipe bzip2-native-1.0.8-r0: task do_fetch: Failed
NOTE: recipe file-native-5.45-r0: task do_fetch: Started
NOTE: recipe file-native-5.45-r0: task do_fetch: Failed
NOTE: recipe zstd-native-1.5.5-r0: task do_fetch: Started
NOTE: recipe zstd-native-1.5.5-r0: task do_fetch: Failed
NOTE: Running task 689 of 738 (virtual:native:/data3/haobui/v2n/yocto_sc/build/../poky/meta/recipes-extended/bc/bc_1.07.1.bb:do_fetch)
NOTE: recipe lua-native-5.4.6-r0: task do_fetch: Started
NOTE: Running task 691 of 738 (/data3/haobui/v2n/yocto_sc/build/../poky/meta/recipes-kernel/kern-tools/kern-tools-native_git.bb:do_fetch)
NOTE: Running task 692 of 738 (virtual:native:/data3/haobui/v2n/yocto_sc/build/../poky/meta/recipes-core/ncurses/ncurses_6.4.bb:do_fetch)
NOTE: recipe libgcrypt-native-1.10.3-r0: task do_fetch: Started
NOTE: recipe lua-native-5.4.6-r0: task do_fetch: Failed
NOTE: recipe perl-native-5.38.2-r0: task do_fetch: Started
NOTE: recipe libgcrypt-native-1.10.3-r0: task do_fetch: Failed
NOTE: Running task 693 of 738 (virtual:native:/data3/haobui/v2n/yocto_sc/build/../poky/meta/recipes-kernel/kmod/kmod_31.bb:do_fetch)
NOTE: recipe perl-native-5.38.2-r0: task do_fetch: Failed
NOTE: Running task 696 of 738 (virtual:native:/data3/haobui/v2n/yocto_sc/build/../poky/meta/recipes-support/sqlite/sqlite3_3.45.1.bb:do_fetch)
NOTE: Running task 697 of 738 (virtual:native:/data3/haobui/v2n/yocto_sc/build/../poky/meta/recipes-devtools/pkgconfig/pkgconfig_git.bb:do_fetch)
NOTE: recipe elfutils-native-0.191-r0: task do_fetch: Started
NOTE: recipe elfutils-native-0.191-r0: task do_fetch: Failed
NOTE: recipe openssl-native-3.2.2-r0: task do_fetch: Started
NOTE: recipe kern-tools-native-0.3+git-r0: task do_fetch: Started
NOTE: Running task 698 of 738 (virtual:native:/data3/haobui/v2n/yocto_sc/build/../poky/meta/recipes-support/attr/attr_2.5.1.bb:do_fetch)
NOTE: recipe openssl-native-3.2.2-r0: task do_fetch: Failed
NOTE: recipe kern-tools-native-0.3+git-r0: task do_fetch: Failed
NOTE: recipe libmpc-native-1.3.1-r0: task do_fetch: Started
NOTE: recipe util-linux-native-2.39.3-r0: task do_fetch: Started
NOTE: Running task 699 of 738 (/data3/haobui/v2n/yocto_sc/build/../poky/meta/recipes-devtools/libtool/libtool-native_2.4.7.bb:do_fetch)
NOTE: Running task 700 of 738 (virtual:native:/data3/haobui/v2n/yocto_sc/build/../poky/meta/recipes-devtools/autoconf/autoconf_2.72e.bb:do_fetch)
NOTE: recipe gmp-native-6.3.0-r0: task do_fetch: Started
NOTE: recipe util-linux-native-2.39.3-r0: task do_fetch: Failed
NOTE: recipe libmpc-native-1.3.1-r0: task do_fetch: Failed
NOTE: recipe bison-native-3.8.2-r0: task do_fetch: Started
NOTE: Running task 701 of 738 (virtual:native:/data3/haobui/v2n/yocto_sc/build/../poky/meta/recipes-devtools/automake/automake_1.16.5.bb:do_fetch)
NOTE: Running task 702 of 738 (virtual:native:/data3/haobui/v2n/yocto_sc/build/../poky/meta/recipes-core/coreutils/coreutils_9.4.bb:do_fetch)
NOTE: recipe gmp-native-6.3.0-r0: task do_fetch: Failed
NOTE: recipe bison-native-3.8.2-r0: task do_fetch: Failed
NOTE: Running task 703 of 738 (virtual:native:/data3/haobui/v2n/yocto_sc/build/../poky/meta/recipes-devtools/python/python3_3.12.4.bb:do_fetch)
NOTE: Running task 704 of 738 (virtual:native:/data3/haobui/v2n/yocto_sc/build/../poky/meta/recipes-devtools/python/python3-six_1.16.0.bb:do_fetch)
NOTE: recipe bc-native-1.07.1-r0: task do_fetch: Started
NOTE: recipe ncurses-native-6.4-r0: task do_fetch: Started
NOTE: recipe bc-native-1.07.1-r0: task do_fetch: Failed
NOTE: recipe sqlite3-native-3_3.45.1-r0: task do_fetch: Started
NOTE: Running task 705 of 738 (virtual:native:/data3/haobui/v2n/yocto_sc/build/../poky/meta/recipes-devtools/python/python3-setuptools_69.1.1.bb:do_fetch)
NOTE: recipe ncurses-native-6.4-r0: task do_fetch: Failed
NOTE: recipe kmod-native-31-r0: task do_fetch: Started
NOTE: recipe sqlite3-native-3_3.45.1-r0: task do_fetch: Failed
NOTE: recipe pkgconfig-native-0.29.2+git-r0: task do_fetch: Started
NOTE: recipe libtool-native-2.4.7-r0: task do_fetch: Started
NOTE: Running task 707 of 738 (virtual:native:/data3/haobui/v2n/yocto_sc/build/../poky/meta/recipes-devtools/btrfs-tools/btrfs-tools_6.7.1.bb:do_fetch)
NOTE: recipe kmod-native-31-r0: task do_fetch: Failed
NOTE: recipe pkgconfig-native-0.29.2+git-r0: task do_fetch: Failed
NOTE: recipe libtool-native-2.4.7-r0: task do_fetch: Failed
NOTE: Running task 708 of 738 (virtual:native:/data3/haobui/v2n/yocto_sc/build/../poky/meta/recipes-devtools/erofs-utils/erofs-utils_1.7.1.bb:do_fetch)
NOTE: Running task 710 of 738 (virtual:native:/data3/haobui/v2n/yocto_sc/build/../poky/meta/recipes-devtools/squashfs-tools/squashfs-tools_git.bb:do_fetch)
NOTE: Running task 711 of 738 (/data3/haobui/v2n/yocto_sc/build/../poky/meta/recipes-devtools/cdrtools/cdrtools-native_3.01.bb:do_fetch)
NOTE: Running task 712 of 738 (/data3/haobui/v2n/yocto_sc/build/../poky/meta/recipes-devtools/binutils/binutils-cross_2.42.bb:do_fetch)
NOTE: recipe attr-native-2.5.1-r0: task do_fetch: Started
NOTE: recipe attr-native-2.5.1-r0: task do_fetch: Failed
NOTE: Running task 713 of 738 (virtual:native:/data3/haobui/v2n/yocto_sc/build/../poky/meta/recipes-devtools/syslinux/syslinux_6.04-pre2.bb:do_fetch)
NOTE: recipe autoconf-native-2.72e-r0: task do_fetch: Started
NOTE: recipe automake-native-1.16.5-r0: task do_fetch: Started
NOTE: recipe autoconf-native-2.72e-r0: task do_fetch: Failed
NOTE: recipe automake-native-1.16.5-r0: task do_fetch: Failed
NOTE: recipe python3-six-native-1.16.0-r0: task do_fetch: Started
NOTE: Running task 714 of 738 (virtual:native:/data3/haobui/v2n/yocto_sc/build/../poky/meta/recipes-devtools/e2fsprogs/e2fsprogs_1.47.0.bb:do_fetch)
NOTE: Running task 715 of 738 (virtual:native:/data3/haobui/v2n/yocto_sc/build/../poky/meta/recipes-devtools/mtools/mtools_4.0.43.bb:do_fetch)
NOTE: recipe cdrtools-native-3.01-r0: task do_fetch: Started
NOTE: recipe python3-six-native-1.16.0-r0: task do_fetch: Failed
NOTE: Running task 716 of 738 (virtual:native:/data3/haobui/v2n/yocto_sc/build/../poky/meta/recipes-devtools/dosfstools/dosfstools_4.2.bb:do_fetch)
NOTE: recipe coreutils-native-9.4-r0: task do_fetch: Started
NOTE: recipe cdrtools-native-3.01-r0: task do_fetch: Failed
NOTE: recipe binutils-cross-aarch64-2.42-r0: task do_fetch: Started
NOTE: Running task 717 of 738 (virtual:native:/data3/haobui/v2n/yocto_sc/build/../poky/meta/recipes-devtools/fdisk/gptfdisk_1.0.9.bb:do_fetch)
NOTE: recipe coreutils-native-9.4-r0: task do_fetch: Failed
NOTE: Running task 718 of 738 (virtual:native:/data3/haobui/v2n/yocto_sc/build/../poky/meta/recipes-extended/parted/parted_3.6.bb:do_fetch)
NOTE: recipe binutils-cross-aarch64-2.42-r0: task do_fetch: Failed
NOTE: recipe python3-setuptools-native-69.1.1-r0: task do_fetch: Started
NOTE: Running task 720 of 738 (/data3/haobui/v2n/yocto_sc/build/../meta-renesas/meta-rz-bsp/recipes-bsp/trusted-firmware-a/trusted-firmware-a_2.7.0.bb:do_fetch)
NOTE: recipe python3-setuptools-native-69.1.1-r0: task do_fetch: Failed
NOTE: recipe btrfs-tools-native-6.7.1-r0: task do_fetch: Started
NOTE: recipe erofs-utils-native-1.7.1-r0: task do_fetch: Started
NOTE: recipe squashfs-tools-native-4.6.1-r0: task do_fetch: Started
NOTE: Running task 721 of 738 (virtual:native:/data3/haobui/v2n/yocto_sc/build/../poky/meta/recipes-extended/pigz/pigz_2.8.bb:do_fetch)
NOTE: recipe python3-native-3.12.4-r0: task do_fetch: Started
NOTE: recipe squashfs-tools-native-4.6.1-r0: task do_fetch: Failed
NOTE: recipe syslinux-native-6.04-pre2-r0: task do_fetch: Started
NOTE: recipe btrfs-tools-native-6.7.1-r0: task do_fetch: Failed
NOTE: recipe erofs-utils-native-1.7.1-r0: task do_fetch: Failed
NOTE: recipe python3-native-3.12.4-r0: task do_fetch: Failed
NOTE: Running task 722 of 738 (virtual:native:/data3/haobui/v2n/yocto_sc/build/../poky/meta/recipes-extended/pbzip2/pbzip2_1.1.13.bb:do_fetch)
NOTE: recipe syslinux-native-6.04-pre2-r0: task do_fetch: Failed
NOTE: Running task 723 of 738 (virtual:native:/data3/haobui/v2n/yocto_sc/build/../poky/meta/recipes-support/bmaptool/bmaptool_git.bb:do_fetch)
NOTE: Running task 724 of 738 (virtual:native:/data3/haobui/v2n/yocto_sc/build/../poky/meta/recipes-devtools/createrepo-c/createrepo-c_1.0.4.bb:do_fetch)
NOTE: Running task 725 of 738 (virtual:native:/data3/haobui/v2n/yocto_sc/build/../poky/meta/recipes-devtools/dnf/dnf_4.19.0.bb:do_fetch)
NOTE: Running task 726 of 738 (virtual:native:/data3/haobui/v2n/yocto_sc/build/../poky/meta/recipes-devtools/rpm/rpm_4.19.1.1.bb:do_fetch)
NOTE: recipe e2fsprogs-native-1.47.0-r0: task do_fetch: Started
NOTE: recipe mtools-native-4.0.43-r0: task do_fetch: Started
NOTE: recipe trusted-firmware-a-2.7+git-r0: task do_fetch: Started
NOTE: recipe gptfdisk-native-1.0.9-r0: task do_fetch: Started
NOTE: recipe e2fsprogs-native-1.47.0-r0: task do_fetch: Failed
NOTE: recipe mtools-native-4.0.43-r0: task do_fetch: Failed
NOTE: recipe trusted-firmware-a-2.7+git-r0: task do_fetch: Failed
NOTE: Running task 727 of 738 (virtual:native:/data3/haobui/v2n/yocto_sc/build/../poky/meta/recipes-core/update-rc.d/update-rc.d_0.8.bb:do_fetch)
NOTE: Running task 728 of 738 (virtual:native:/data3/haobui/v2n/yocto_sc/build/../poky/meta/recipes-devtools/opkg-utils/opkg-utils_0.6.3.bb:do_fetch)
NOTE: recipe dosfstools-native-4.2-r0: task do_fetch: Started
NOTE: recipe gptfdisk-native-1.0.9-r0: task do_fetch: Failed
NOTE: Running task 732 of 738 (/data3/haobui/v2n/yocto_sc/build/../poky/meta/recipes-core/glibc/cross-localedef-native_2.39.bb:do_fetch)
NOTE: Running task 733 of 738 (virtual:native:/data3/haobui/v2n/yocto_sc/build/../poky/meta/recipes-extended/xz/xz_5.4.6.bb:do_fetch)
NOTE: recipe parted-native-3.6-r0: task do_fetch: Started
NOTE: recipe dosfstools-native-4.2-r0: task do_fetch: Failed
NOTE: recipe pigz-native-2.8-r0: task do_fetch: Started
NOTE: Running task 734 of 738 (/data3/haobui/v2n/yocto_sc/build/../meta-renesas/meta-rz-bsp/recipes-kernel/linux/linux-renesas_6.1.bb:do_fetch)
NOTE: recipe parted-native-3.6-r0: task do_fetch: Failed
NOTE: Running task 735 of 738 (virtual:native:/data3/haobui/v2n/yocto_sc/build/../poky/meta/recipes-devtools/pseudo/pseudo_git.bb:do_fetch)
NOTE: recipe pigz-native-2.8-r0: task do_fetch: Failed
NOTE: recipe pbzip2-native-1.1.13-r0: task do_fetch: Started
NOTE: Running task 736 of 738 (virtual:native:/data3/haobui/v2n/yocto_sc/build/../poky/meta/recipes-devtools/patch/patch_2.7.6.bb:do_fetch)
NOTE: recipe pbzip2-native-1.1.13-r0: task do_fetch: Failed
NOTE: recipe bmaptool-native-3.8.0+git-r0: task do_fetch: Started
NOTE: recipe createrepo-c-native-1.0.4-r0: task do_fetch: Started
NOTE: recipe dnf-native-4.19.0-r0: task do_fetch: Started
NOTE: recipe rpm-native-1_4.19.1.1-r0: task do_fetch: Started
NOTE: Running task 737 of 738 (/data3/haobui/v2n/yocto_sc/build/../poky/meta/recipes-devtools/quilt/quilt-native_0.67.bb:do_fetch)
NOTE: recipe createrepo-c-native-1.0.4-r0: task do_fetch: Failed
NOTE: recipe bmaptool-native-3.8.0+git-r0: task do_fetch: Failed
NOTE: recipe dnf-native-4.19.0-r0: task do_fetch: Failed
NOTE: recipe rpm-native-1_4.19.1.1-r0: task do_fetch: Failed
NOTE: recipe cross-localedef-native-2.39+git-r0: task do_fetch: Started
NOTE: recipe update-rc.d-native-0.8+git-r0: task do_fetch: Started
NOTE: recipe cross-localedef-native-2.39+git-r0: task do_fetch: Failed
NOTE: recipe update-rc.d-native-0.8+git-r0: task do_fetch: Failed
NOTE: recipe opkg-utils-native-0.6.3-r0: task do_fetch: Started
NOTE: recipe opkg-utils-native-0.6.3-r0: task do_fetch: Failed
NOTE: recipe linux-renesas-6.1.107-cip28+git-r0: task do_fetch: Started
NOTE: recipe xz-native-5.4.6-r0: task do_fetch: Started
NOTE: recipe pseudo-native-1.9.0+git-r0: task do_fetch: Started
NOTE: recipe linux-renesas-6.1.107-cip28+git-r0: task do_fetch: Failed
NOTE: recipe xz-native-5.4.6-r0: task do_fetch: Failed
NOTE: recipe pseudo-native-1.9.0+git-r0: task do_fetch: Failed
NOTE: recipe quilt-native-0.67-r0: task do_fetch: Started
NOTE: recipe quilt-native-0.67-r0: task do_fetch: Failed
NOTE: recipe patch-native-2.7.6-r0: task do_fetch: Started
NOTE: recipe patch-native-2.7.6-r0: task do_fetch: Failed
NOTE: Tasks Summary: Attempted 738 tasks of which 396 didn't need to be rerun and 342 failed.

Summary: 342 tasks failed:
  /data3/haobui/v2n/yocto_sc/build/../poky/meta/recipes-graphics/freetype/freetype_2.13.2.bb:do_fetch
  /data3/haobui/v2n/yocto_sc/build/../poky/meta/recipes-multimedia/libpng/libpng_1.6.42.bb:do_fetch
  /data3/haobui/v2n/yocto_sc/build/../poky/meta/recipes-support/libgpg-error/libgpg-error_1.48.bb:do_fetch
  /data3/haobui/v2n/yocto_sc/build/../poky/meta/recipes-graphics/fontconfig/fontconfig_2.15.0.bb:do_fetch
  /data3/haobui/v2n/yocto_sc/build/../poky/meta/recipes-graphics/xorg-lib/pixman_0.42.2.bb:do_fetch
  /data3/haobui/v2n/yocto_sc/build/../poky/meta/recipes-multimedia/libogg/libogg_1.3.5.bb:do_fetch
  /data3/haobui/v2n/yocto_sc/build/../poky/meta/recipes-multimedia/libvorbis/libvorbis_1.3.7.bb:do_fetch
  /data3/haobui/v2n/yocto_sc/build/../poky/meta/recipes-multimedia/flac/flac_1.4.3.bb:do_fetch
  /data3/haobui/v2n/yocto_sc/build/../poky/meta/recipes-devtools/vala/vala_0.56.15.bb:do_fetch
  virtual:native:/data3/haobui/v2n/yocto_sc/build/../poky/meta/recipes-devtools/vala/vala_0.56.15.bb:do_fetch
  virtual:native:/data3/haobui/v2n/yocto_sc/build/../poky/meta/recipes-support/libical/libical_3.0.17.bb:do_fetch
  virtual:native:/data3/haobui/v2n/yocto_sc/build/../poky/meta/recipes-support/icu/icu_74-2.bb:do_fetch
  /data3/haobui/v2n/yocto_sc/build/../poky/meta/recipes-support/libgcrypt/libgcrypt_1.10.3.bb:do_fetch
  /data3/haobui/v2n/yocto_sc/build/../poky/meta/recipes-devtools/python/python3-setuptools_69.1.1.bb:do_fetch
  virtual:native:/data3/haobui/v2n/yocto_sc/build/../poky/meta/recipes-extended/cracklib/cracklib_2.9.11.bb:do_fetch
  virtual:native:/data3/haobui/v2n/yocto_sc/build/../poky/meta/recipes-support/libmd/libmd_1.1.0.bb:do_fetch
  virtual:native:/data3/haobui/v2n/yocto_sc/build/../poky/meta/recipes-support/libunistring/libunistring_1.2.bb:do_fetch
  virtual:native:/data3/haobui/v2n/yocto_sc/build/../poky/meta/recipes-support/nettle/nettle_3.9.1.bb:do_fetch
  virtual:native:/data3/haobui/v2n/yocto_sc/build/../poky/meta/recipes-extended/libidn/libidn2_2.3.7.bb:do_fetch
  virtual:native:/data3/haobui/v2n/yocto_sc/build/../poky/meta/recipes-support/gnutls/libtasn1_4.19.0.bb:do_fetch
  virtual:native:/data3/haobui/v2n/yocto_sc/build/../poky/meta/recipes-devtools/python/python3-tomli_2.0.1.bb:do_fetch
  /data3/haobui/v2n/yocto_sc/build/../poky/meta/recipes-support/libmpc/libmpc_1.3.1.bb:do_fetch
  virtual:native:/data3/haobui/v2n/yocto_sc/build/../poky/meta/recipes-devtools/python/python3-pyparsing_3.1.1.bb:do_fetch
  virtual:native:/data3/haobui/v2n/yocto_sc/build/../poky/meta/recipes-devtools/python/python3-typing-extensions_4.10.0.bb:do_fetch
  /data3/haobui/v2n/yocto_sc/build/../poky/meta/recipes-extended/timezone/tzcode-native.bb:do_fetch
  virtual:native:/data3/haobui/v2n/yocto_sc/build/../poky/meta/recipes-support/itstool/itstool_2.0.7.bb:do_fetch
  /data3/haobui/v2n/yocto_sc/build/../poky/meta/recipes-extended/lzip/lzlib_1.14.bb:do_fetch
  /data3/haobui/v2n/yocto_sc/build/../poky/meta/recipes-support/mpfr/mpfr_4.2.1.bb:do_fetch
  /data3/haobui/v2n/yocto_sc/build/../poky/meta/recipes-devtools/python/python3-pycairo_1.26.0.bb:do_fetch
  /data3/haobui/v2n/yocto_sc/build/../poky/meta/recipes-devtools/tcltk/tcl_8.6.13.bb:do_fetch
  /data3/haobui/v2n/yocto_sc/build/../poky/meta/recipes-graphics/cairo/cairo_1.18.0.bb:do_fetch
  /data3/haobui/v2n/yocto_sc/build/../poky/meta/recipes-gnome/gobject-introspection/gobject-introspection_1.78.1.bb:do_fetch
  /data3/haobui/v2n/yocto_sc/build/../poky/meta/recipes-extended/tcp-wrappers/tcp-wrappers_7.6.bb:do_fetch
  /data3/haobui/v2n/yocto_sc/build/../poky/meta/recipes-support/libdaemon/libdaemon_0.14.bb:do_fetch
  virtual:native:/data3/haobui/v2n/yocto_sc/build/../poky/meta/recipes-extended/cwautomacros/cwautomacros_20110201.bb:do_fetch
  virtual:native:/data3/haobui/v2n/yocto_sc/build/../poky/meta/recipes-support/shared-mime-info/shared-mime-info_2.4.bb:do_fetch
  /data3/haobui/v2n/yocto_sc/build/../poky/meta/recipes-connectivity/libpcap/libpcap_1.10.4.bb:do_fetch
  /data3/haobui/v2n/yocto_sc/build/../poky/meta/recipes-support/gnutls/libtasn1_4.19.0.bb:do_fetch
  /data3/haobui/v2n/yocto_sc/build/../poky/meta/recipes-support/gmp/gmp_6.3.0.bb:do_fetch
  /data3/haobui/v2n/yocto_sc/build/../poky/meta/recipes-support/libunistring/libunistring_1.2.bb:do_fetch
  /data3/haobui/v2n/yocto_sc/build/../poky/meta/recipes-support/boost/boost-build-native_1.84.0.bb:do_fetch
  /data3/haobui/v2n/yocto_sc/build/../poky/meta/recipes-devtools/go/go-binary-native_1.22.5.bb:do_fetch
  /data3/haobui/v2n/yocto_sc/build/../poky/meta/recipes-support/nettle/nettle_3.9.1.bb:do_fetch
  /data3/haobui/v2n/yocto_sc/build/../poky/meta/recipes-multimedia/libsndfile/libsndfile1_1.2.2.bb:do_fetch
  /data3/haobui/v2n/yocto_sc/build/../poky/meta/recipes-extended/libidn/libidn2_2.3.7.bb:do_fetch
  /data3/haobui/v2n/yocto_sc/build/../poky/meta/recipes-support/libical/libical_3.0.17.bb:do_fetch
  /data3/haobui/v2n/yocto_sc/build/../poky/meta/recipes-support/icu/icu_74-2.bb:do_fetch
  /data3/haobui/v2n/yocto_sc/build/../poky/meta/recipes-support/libatomic-ops/libatomic-ops_7.8.2.bb:do_fetch
  /data3/haobui/v2n/yocto_sc/build/../poky/meta/recipes-support/libmicrohttpd/libmicrohttpd_1.0.1.bb:do_fetch
  /data3/haobui/v2n/yocto_sc/build/../poky/meta/recipes-extended/libtirpc/libtirpc_1.3.4.bb:do_fetch
  /data3/haobui/v2n/yocto_sc/build/../poky/meta/recipes-support/libpcre/libpcre_8.45.bb:do_fetch
  /data3/haobui/v2n/yocto_sc/build/../poky/meta/recipes-devtools/libedit/libedit_20230828-3.1.bb:do_fetch
  /data3/haobui/v2n/yocto_sc/build/../poky/meta/recipes-core/expat/expat_2.6.2.bb:do_fetch
  /data3/haobui/v2n/yocto_sc/build/../poky/meta/recipes-extended/libnsl/libnsl2_git.bb:do_fetch
  /data3/haobui/v2n/yocto_sc/build/../poky/meta/recipes-support/libpcre/libpcre2_10.43.bb:do_fetch
  /data3/haobui/v2n/yocto_sc/build/../poky/meta/recipes-support/libffi/libffi_3.4.6.bb:do_fetch
  /data3/haobui/v2n/yocto_sc/build/../poky/meta/recipes-support/libcheck/libcheck_0.15.2.bb:do_fetch
  /data3/haobui/v2n/yocto_sc/build/../poky/meta/recipes-graphics/xorg-util/util-macros_1.20.0.bb:do_fetch
  /data3/haobui/v2n/yocto_sc/build/../poky/meta/recipes-extended/cracklib/cracklib_2.9.11.bb:do_fetch
  virtual:native:/data3/haobui/v2n/yocto_sc/build/../poky/meta/recipes-support/libbsd/libbsd_0.12.1.bb:do_fetch
  virtual:native:/data3/haobui/v2n/yocto_sc/build/../poky/meta/recipes-devtools/python/python3-setuptools-scm_8.0.4.bb:do_fetch
  /data3/haobui/v2n/yocto_sc/build/../poky/meta/recipes-support/ca-certificates/ca-certificates_20211016.bb:do_fetch
  /data3/haobui/v2n/yocto_sc/build/../poky/meta/recipes-extended/libarchive/libarchive_3.7.4.bb:do_fetch
  virtual:native:/data3/haobui/v2n/yocto_sc/build/../poky/meta/recipes-support/libyaml/libyaml_0.2.5.bb:do_fetch
  virtual:native:/data3/haobui/v2n/yocto_sc/build/../poky/meta/recipes-support/libassuan/libassuan_2.5.6.bb:do_fetch
  virtual:native:/data3/haobui/v2n/yocto_sc/build/../poky/meta/recipes-support/ca-certificates/ca-certificates_20211016.bb:do_fetch
  virtual:native:/data3/haobui/v2n/yocto_sc/build/../poky/meta/recipes-devtools/docbook-xml/docbook-xml-dtd4_4.5.bb:do_fetch
  virtual:native:/data3/haobui/v2n/yocto_sc/build/../poky/meta/recipes-devtools/docbook-xml/docbook-xsl-stylesheets_1.79.1.bb:do_fetch
  virtual:native:/data3/haobui/v2n/yocto_sc/build/../poky/meta/recipes-support/attr/acl_2.3.2.bb:do_fetch
  virtual:native:/data3/haobui/v2n/yocto_sc/build/../poky/meta/recipes-devtools/python/python3-pip_24.0.bb:do_fetch
  virtual:native:/data3/haobui/v2n/yocto_sc/build/../poky/meta/recipes-support/gnutls/gnutls_3.8.4.bb:do_fetch
  /data3/haobui/v2n/yocto_sc/build/../poky/meta/recipes-devtools/python/python3-packaging_23.2.bb:do_fetch
  virtual:native:/data3/haobui/v2n/yocto_sc/build/../poky/meta/recipes-support/libxslt/libxslt_1.1.39.bb:do_fetch
  /data3/haobui/v2n/yocto_sc/build/../poky/meta/recipes-devtools/python/python3-dbusmock_0.31.1.bb:do_fetch
  /data3/haobui/v2n/yocto_sc/build/../poky/meta/recipes-extended/timezone/tzdata.bb:do_fetch
  /data3/haobui/v2n/yocto_sc/build/../poky/meta/recipes-multimedia/alsa/alsa-ucm-conf_1.2.11.bb:do_fetch
  /data3/haobui/v2n/yocto_sc/build/../poky/meta/recipes-multimedia/alsa/alsa-topology-conf_1.2.5.1.bb:do_fetch
  /data3/haobui/v2n/yocto_sc/build/../poky/meta/recipes-devtools/desktop-file-utils/desktop-file-utils_0.27.bb:do_fetch
  /data3/haobui/v2n/yocto_sc/build/../poky/meta/recipes-support/gnome-desktop-testing/gnome-desktop-testing_2021.1.bb:do_fetch
  /data3/haobui/v2n/yocto_sc/build/../poky/meta/recipes-support/shared-mime-info/shared-mime-info_2.4.bb:do_fetch
  /data3/haobui/v2n/yocto_sc/build/../poky/meta/recipes-extended/diffutils/diffutils_3.10.bb:do_fetch
  /data3/haobui/v2n/yocto_sc/build/../poky/meta/recipes-extended/bzip2/bzip2_1.0.8.bb:do_fetch
  virtual:native:/data3/haobui/v2n/yocto_sc/build/../poky/meta/recipes-devtools/perl/libxml-parser-perl_2.47.bb:do_fetch
  /data3/haobui/v2n/yocto_sc/build/../poky/meta/recipes-extended/logrotate/logrotate_3.21.0.bb:do_fetch
  virtual:native:/data3/haobui/v2n/yocto_sc/build/../poky/meta/recipes-devtools/python/python3-markupsafe_2.1.5.bb:do_fetch
  /data3/haobui/v2n/yocto_sc/build/../poky/meta/recipes-extended/psmisc/psmisc_23.6.bb:do_fetch
  /data3/haobui/v2n/yocto_sc/build/../poky/meta/recipes-devtools/gdb/gdb_14.2.bb:do_fetch
  /data3/haobui/v2n/yocto_sc/build/../poky/meta/recipes-extended/cronie/cronie_1.7.2.bb:do_fetch
  virtual:native:/data3/haobui/v2n/yocto_sc/build/../poky/meta/recipes-devtools/tcltk/tcl_8.6.13.bb:do_fetch
  /data3/haobui/v2n/yocto_sc/build/../poky/meta/recipes-support/curl/curl_8.7.1.bb:do_fetch
  /data3/haobui/v2n/yocto_sc/build/../poky/meta/recipes-extended/unzip/unzip_6.0.bb:do_fetch
  /data3/haobui/v2n/yocto_sc/build/../poky/meta/recipes-extended/cpio/cpio_2.15.bb:do_fetch
  /data3/haobui/v2n/yocto_sc/build/../poky/meta/recipes-extended/gzip/gzip_1.13.bb:do_fetch
  /data3/haobui/v2n/yocto_sc/build/../poky/meta/recipes-devtools/file/file_5.45.bb:do_fetch
  /data3/haobui/v2n/yocto_sc/build/../poky/meta/recipes-extended/iputils/iputils_20240117.bb:do_fetch
  /data3/haobui/v2n/yocto_sc/build/../poky/meta/recipes-extended/quota/quota_4.09.bb:do_fetch
  /data3/haobui/v2n/yocto_sc/build/../poky/meta/recipes-devtools/expect/expect_5.45.4.bb:do_fetch
  /data3/haobui/v2n/yocto_sc/build/../poky/meta/recipes-kernel/lttng/lttng-modules_2.13.12.bb:do_fetch
  /data3/haobui/v2n/yocto_sc/build/../poky/meta/recipes-kernel/wireless-regdb/wireless-regdb_2024.05.08.bb:do_fetch
  /data3/haobui/v2n/yocto_sc/build/../poky/meta/recipes-extended/net-tools/net-tools_2.10.bb:do_fetch
  /data3/haobui/v2n/yocto_sc/build/../poky/meta/recipes-devtools/python/python3-pygobject_3.46.0.bb:do_fetch
  /data3/haobui/v2n/yocto_sc/build/../poky/meta/recipes-devtools/python/python3-dbus_1.3.2.bb:do_fetch
  /data3/haobui/v2n/yocto_sc/build/../poky/meta/recipes-extended/gawk/gawk_5.3.0.bb:do_fetch
  /data3/haobui/v2n/yocto_sc/build/../poky/meta/recipes-connectivity/neard/neard_0.19.bb:do_fetch
  /data3/haobui/v2n/yocto_sc/build/../poky/meta/recipes-extended/rpcbind/rpcbind_1.2.6.bb:do_fetch
  /data3/haobui/v2n/yocto_sc/build/../poky/meta/recipes-connectivity/libnss-mdns/libnss-mdns_0.15.1.bb:do_fetch
  /data3/haobui/v2n/yocto_sc/build/../poky/meta/recipes-connectivity/iw/iw_6.7.bb:do_fetch
  /data3/haobui/v2n/yocto_sc/build/../poky/meta/recipes-bsp/lrzsz/lrzsz_0.12.20.bb:do_fetch
  /data3/haobui/v2n/yocto_sc/build/../poky/meta/recipes-extended/procps/procps_4.0.4.bb:do_fetch
  /data3/haobui/v2n/yocto_sc/build/../poky/meta/recipes-connectivity/avahi/avahi_0.8.bb:do_fetch
  /data3/haobui/v2n/yocto_sc/build/../poky/meta/recipes-extended/which/which_2.21.bb:do_fetch
  /data3/haobui/v2n/yocto_sc/build/../poky/meta/recipes-extended/bc/bc_1.07.1.bb:do_fetch
  /data3/haobui/v2n/yocto_sc/build/../poky/meta/recipes-core/coreutils/coreutils_9.4.bb:do_fetch
  /data3/haobui/v2n/yocto_sc/build/../poky/meta/recipes-extended/findutils/findutils_4.9.0.bb:do_fetch
  /data3/haobui/v2n/yocto_sc/build/../poky/meta/recipes-extended/grep/grep_3.11.bb:do_fetch
  /data3/haobui/v2n/yocto_sc/build/../poky/meta/recipes-devtools/btrfs-tools/btrfs-tools_6.7.1.bb:do_fetch
  /data3/haobui/v2n/yocto_sc/build/../poky/meta/recipes-connectivity/iproute2/iproute2_6.7.0.bb:do_fetch
  /data3/haobui/v2n/yocto_sc/build/../poky/meta/recipes-connectivity/socat/socat_1.8.0.0.bb:do_fetch
  /data3/haobui/v2n/yocto_sc/build/../poky/meta/recipes-extended/zip/zip_3.0.bb:do_fetch
  /data3/haobui/v2n/yocto_sc/build/../poky/meta/recipes-core/update-rc.d/update-rc.d_0.8.bb:do_fetch
  /data3/haobui/v2n/yocto_sc/build/../poky/meta/recipes-extended/tar/tar_1.35.bb:do_fetch
  /data3/haobui/v2n/yocto_sc/build/../poky/meta/recipes-core/kbd/kbd_2.6.4.bb:do_fetch
  /data3/haobui/v2n/yocto_sc/build/../poky/meta/recipes-support/gdbm/gdbm_1.23.bb:do_fetch
  /data3/haobui/v2n/yocto_sc/build/../poky/meta/recipes-connectivity/ppp/ppp_2.5.0.bb:do_fetch
  /data3/haobui/v2n/yocto_sc/build/../poky/meta/recipes-connectivity/wpa-supplicant/wpa-supplicant_2.10.bb:do_fetch
  /data3/haobui/v2n/yocto_sc/build/../poky/meta/recipes-core/readline/readline_8.2.bb:do_fetch
  virtual:native:/data3/haobui/v2n/yocto_sc/build/../poky/meta/recipes-devtools/rsync/rsync_3.2.7.bb:do_fetch
  virtual:native:/data3/haobui/v2n/yocto_sc/build/../poky/meta/recipes-extended/zip/zip_3.0.bb:do_fetch
  virtual:native:/data3/haobui/v2n/yocto_sc/build/../poky/meta/recipes-devtools/unifdef/unifdef_2.12.bb:do_fetch
  /data3/haobui/v2n/yocto_sc/build/../poky/meta/recipes-extended/iptables/iptables_1.8.10.bb:do_fetch
  /data3/haobui/v2n/yocto_sc/build/../poky/meta/recipes-support/gnutls/gnutls_3.8.4.bb:do_fetch
  /data3/haobui/v2n/yocto_sc/build/../poky/meta/recipes-multimedia/libsamplerate/libsamplerate0_0.2.2.bb:do_fetch
  /data3/haobui/v2n/yocto_sc/build/../poky/meta/recipes-devtools/go/go-cross_1.22.5.bb:do_fetch
  /data3/haobui/v2n/yocto_sc/build/../poky/meta/recipes-core/ell/ell_0.64.bb:do_fetch
  /data3/haobui/v2n/yocto_sc/build/../poky/meta/recipes-devtools/go/go-runtime_1.22.5.bb:do_fetch
  /data3/haobui/v2n/yocto_sc/build/../poky/meta/recipes-core/dbus/dbus_1.14.10.bb:do_fetch
  /data3/haobui/v2n/yocto_sc/build/../poky/meta/recipes-connectivity/mobile-broadband-provider-info/mobile-broadband-provider-info_git.bb:do_fetch
  /data3/haobui/v2n/yocto_sc/build/../poky/meta/recipes-connectivity/bluez5/bluez5_5.72.bb:do_fetch
  /data3/haobui/v2n/yocto_sc/build/../poky/meta/recipes-kernel/lttng/lttng-ust_2.13.8.bb:do_fetch
  /data3/haobui/v2n/yocto_sc/build/../poky/meta/recipes-support/liburcu/liburcu_0.14.0.bb:do_fetch
  /data3/haobui/v2n/yocto_sc/build/../poky/meta/recipes-core/libxml/libxml2_2.12.8.bb:do_fetch
  /data3/haobui/v2n/yocto_sc/build/../poky/meta/recipes-support/sqlite/sqlite3_3.45.1.bb:do_fetch
  /data3/haobui/v2n/yocto_sc/build/../poky/meta/recipes-support/boost/boost_1.84.0.bb:do_fetch
  /data3/haobui/v2n/yocto_sc/build/../poky/meta/recipes-devtools/json-c/json-c_0.17.bb:do_fetch
  /data3/haobui/v2n/yocto_sc/build/../poky/meta/recipes-extended/libaio/libaio_0.3.113.bb:do_fetch
  /data3/haobui/v2n/yocto_sc/build/../poky/meta/recipes-kernel/libtraceevent/libtraceevent_1.7.3.bb:do_fetch
  /data3/haobui/v2n/yocto_sc/build/../poky/meta/recipes-extended/newt/libnewt_0.52.24.bb:do_fetch
  /data3/haobui/v2n/yocto_sc/build/../poky/meta/recipes-devtools/binutils/binutils_2.42.bb:do_fetch
  /data3/haobui/v2n/yocto_sc/build/../poky/meta/recipes-support/libunwind/libunwind_1.6.2.bb:do_fetch
  /data3/haobui/v2n/yocto_sc/build/../poky/meta/recipes-extended/xz/xz_5.4.6.bb:do_fetch
  /data3/haobui/v2n/yocto_sc/build/../poky/meta/recipes-extended/slang/slang_2.3.3.bb:do_fetch
  /data3/haobui/v2n/yocto_sc/build/../poky/meta/recipes-devtools/elfutils/elfutils_0.191.bb:do_fetch
  virtual:native:/data3/haobui/v2n/yocto_sc/build/../poky/meta/recipes-extended/asciidoc/asciidoc_10.2.0.bb:do_fetch
  /data3/haobui/v2n/yocto_sc/build/../poky/meta/recipes-support/popt/popt_1.19.bb:do_fetch
  virtual:native:/data3/haobui/v2n/yocto_sc/build/../poky/meta/recipes-devtools/xmlto/xmlto_0.0.28.bb:do_fetch
  /data3/haobui/v2n/yocto_sc/build/../poky/meta/recipes-devtools/python/python3_3.12.4.bb:do_fetch
  /data3/haobui/v2n/yocto_sc/build/../poky/meta/recipes-core/glib-2.0/glib-2.0_2.78.6.bb:do_fetch
  /data3/haobui/v2n/yocto_sc/build/../poky/meta/recipes-support/libnl/libnl_3.9.0.bb:do_fetch
  /data3/haobui/v2n/yocto_sc/build/../poky/meta/recipes-extended/libmnl/libmnl_1.0.5.bb:do_fetch
  /data3/haobui/v2n/yocto_sc/build/../poky/meta/recipes-graphics/xorg-lib/libpthread-stubs_0.5.bb:do_fetch
  /data3/haobui/v2n/yocto_sc/build/../poky/meta/recipes-graphics/xorg-lib/libpciaccess_0.18.bb:do_fetch
  /data3/haobui/v2n/yocto_sc/build/../poky/meta/recipes-bsp/pciutils/pciutils_3.11.1.bb:do_fetch
  /data3/haobui/v2n/yocto_sc/build/../poky/meta/recipes-multimedia/alsa/alsa-lib_1.2.11.bb:do_fetch
  /data3/haobui/v2n/yocto_sc/build/../poky/meta/recipes-graphics/jpeg/libjpeg-turbo_3.0.1.bb:do_fetch
  /data3/haobui/v2n/yocto_sc/build/../poky/meta/recipes-support/lzo/lzo_2.10.bb:do_fetch
  /data3/haobui/v2n/yocto_sc/build/../poky/meta/recipes-core/util-linux/util-linux-libuuid_2.39.3.bb:do_fetch
  /data3/haobui/v2n/yocto_sc/build/../poky/meta/recipes-support/libcap-ng/libcap-ng_0.8.5.bb:do_fetch
  /data3/haobui/v2n/yocto_sc/build/../poky/meta/recipes-devtools/e2fsprogs/e2fsprogs_1.47.0.bb:do_fetch
  /data3/haobui/v2n/yocto_sc/build/../poky/meta/recipes-core/libxcrypt/libxcrypt_4.4.36.bb:do_fetch
  /data3/haobui/v2n/yocto_sc/build/../poky/meta/recipes-support/libcap/libcap_2.69.bb:do_fetch
  /data3/haobui/v2n/yocto_sc/build/../poky/meta/recipes-support/attr/attr_2.5.1.bb:do_fetch
  /data3/haobui/v2n/yocto_sc/build/../poky/meta/recipes-extended/zstd/zstd_1.5.5.bb:do_fetch
  /data3/haobui/v2n/yocto_sc/build/../poky/meta/recipes-support/attr/acl_2.3.2.bb:do_fetch
  /data3/haobui/v2n/yocto_sc/build/../poky/meta/recipes-support/bash-completion/bash-completion_2.12.0.bb:do_fetch
  /data3/haobui/v2n/yocto_sc/build/../poky/meta/recipes-extended/pam/libpam_1.5.3.bb:do_fetch
  /data3/haobui/v2n/yocto_sc/build/../poky/meta/recipes-support/libseccomp/libseccomp_2.5.5.bb:do_fetch
  virtual:native:/data3/haobui/v2n/yocto_sc/build/../poky/meta/recipes-devtools/intltool/intltool_0.51.0.bb:do_fetch
  /data3/haobui/v2n/yocto_sc/build/../poky/meta/recipes-kernel/kmod/kmod_31.bb:do_fetch
  virtual:native:/data3/haobui/v2n/yocto_sc/build/../poky/meta/recipes-devtools/python/python3-jinja2_3.1.4.bb:do_fetch
  virtual:native:/data3/haobui/v2n/yocto_sc/build/../poky/meta/recipes-extended/shadow/shadow_4.14.2.bb:do_fetch
  /data3/haobui/v2n/yocto_sc/build/../poky/meta/recipes-devtools/libtool/libtool-cross_2.4.7.bb:do_fetch
  virtual:native:/data3/haobui/v2n/yocto_sc/build/../poky/meta/recipes-extended/unzip/unzip_6.0.bb:do_fetch
  virtual:native:/data3/haobui/v2n/yocto_sc/build/../poky/meta/recipes-extended/groff/groff_1.23.0.bb:do_fetch
  virtual:native:/data3/haobui/v2n/yocto_sc/build/../poky/meta/recipes-support/lzop/lzop_1.04.bb:do_fetch
  virtual:native:/data3/haobui/v2n/yocto_sc/build/../poky/meta/recipes-devtools/swig/swig_4.2.1.bb:do_fetch
  virtual:native:/data3/haobui/v2n/yocto_sc/build/../poky/meta/recipes-extended/libsolv/libsolv_0.7.28.bb:do_fetch
  virtual:native:/data3/haobui/v2n/yocto_sc/build/../poky/meta/recipes-devtools/json-c/json-c_0.17.bb:do_fetch
  virtual:native:/data3/haobui/v2n/yocto_sc/build/../poky/meta/recipes-gnome/gobject-introspection/gobject-introspection_1.78.1.bb:do_fetch
  virtual:native:/data3/haobui/v2n/yocto_sc/build/../poky/meta/recipes-devtools/libmodulemd/libmodulemd_git.bb:do_fetch
  virtual:native:/data3/haobui/v2n/yocto_sc/build/../poky/meta/recipes-support/libcheck/libcheck_0.15.2.bb:do_fetch
  virtual:native:/data3/haobui/v2n/yocto_sc/build/../poky/meta/recipes-support/re2c/re2c_3.1.bb:do_fetch
  virtual:native:/data3/haobui/v2n/yocto_sc/build/../poky/meta/recipes-support/gpgme/gpgme_1.23.2.bb:do_fetch
  virtual:native:/data3/haobui/v2n/yocto_sc/build/../poky/meta/recipes-extended/lzip/lzlib_1.14.bb:do_fetch
  virtual:native:/data3/haobui/v2n/yocto_sc/build/../poky/meta/recipes-support/libcap/libcap_2.69.bb:do_fetch
  virtual:native:/data3/haobui/v2n/yocto_sc/build/../poky/meta/recipes-devtools/perl-cross/perlcross_1.5.2.bb:do_fetch
  virtual:native:/data3/haobui/v2n/yocto_sc/build/../poky/meta/recipes-devtools/make/make_4.4.1.bb:do_fetch
  virtual:native:/data3/haobui/v2n/yocto_sc/build/../poky/meta/recipes-support/libgpg-error/libgpg-error_1.48.bb:do_fetch
  virtual:native:/data3/haobui/v2n/yocto_sc/build/../poky/meta/recipes-extended/gperf/gperf_3.1.bb:do_fetch
  virtual:native:/data3/haobui/v2n/yocto_sc/build/../poky/meta/recipes-devtools/meson/meson_1.3.1.bb:do_fetch
  virtual:native:/data3/haobui/v2n/yocto_sc/build/../poky/meta/recipes-extended/libarchive/libarchive_3.7.4.bb:do_fetch
  /data3/haobui/v2n/yocto_sc/build/../poky/meta/recipes-devtools/gcc/gcc-source_13.3.bb:do_fetch
  virtual:native:/data3/haobui/v2n/yocto_sc/build/../poky/meta/recipes-support/libmicrohttpd/libmicrohttpd_1.0.1.bb:do_fetch
  virtual:native:/data3/haobui/v2n/yocto_sc/build/../poky/meta/recipes-support/libcap-ng/libcap-ng_0.8.5.bb:do_fetch
  virtual:native:/data3/haobui/v2n/yocto_sc/build/../poky/meta/recipes-support/mpfr/mpfr_4.2.1.bb:do_fetch
  virtual:native:/data3/haobui/v2n/yocto_sc/build/../poky/meta/recipes-support/libpcre/libpcre2_10.43.bb:do_fetch
  /data3/haobui/v2n/yocto_sc/build/../poky/meta/recipes-devtools/make/make_4.4.1.bb:do_fetch
  /data3/haobui/v2n/yocto_sc/build/../meta-renesas/meta-rz-bsp/recipes-kernel/linux-libc-headers/linux-libc-headers_6.1.bb:do_fetch
  /data3/haobui/v2n/yocto_sc/build/../poky/meta/recipes-support/ptest-runner/ptest-runner_2.4.4.bb:do_fetch
  virtual:native:/data3/haobui/v2n/yocto_sc/build/../poky/meta/recipes-devtools/git/git_2.44.1.bb:do_fetch
  virtual:native:/data3/haobui/v2n/yocto_sc/build/../poky/meta/recipes-gnome/gtk-doc/gtk-doc_1.33.2.bb:do_fetch
  /data3/haobui/v2n/yocto_sc/build/../poky/meta/recipes-devtools/perl/perl_5.38.2.bb:do_fetch
  /data3/haobui/v2n/yocto_sc/build/../poky/meta/recipes-extended/sed/sed_4.9.bb:do_fetch
  /data3/haobui/v2n/yocto_sc/build/../poky/meta/recipes-devtools/m4/m4-native_1.4.19.bb:do_fetch
  /data3/haobui/v2n/yocto_sc/build/../poky/meta/recipes-extended/bash/bash_5.2.21.bb:do_fetch
  virtual:native:/data3/haobui/v2n/yocto_sc/build/../poky/meta/recipes-devtools/python/python3-pyproject-hooks_1.0.0.bb:do_fetch
  virtual:native:/data3/haobui/v2n/yocto_sc/build/../poky/meta/recipes-devtools/python/python3-packaging_23.2.bb:do_fetch
  /data3/haobui/v2n/yocto_sc/build/../poky/meta/recipes-extended/blktool/blktool_4-7.1.bb:do_fetch
  /data3/haobui/v2n/yocto_sc/build/../poky/meta/recipes-extended/ltp/ltp_20240129.bb:do_fetch
  /data3/haobui/v2n/yocto_sc/build/../poky/meta/recipes-kernel/kexec/kexec-tools_2.0.28.bb:do_fetch
  /data3/haobui/v2n/yocto_sc/build/../poky/meta/recipes-connectivity/connman/connman_1.42.bb:do_fetch
  /data3/haobui/v2n/yocto_sc/build/../poky/meta/recipes-multimedia/alsa/alsa-utils_1.2.11.bb:do_fetch
  /data3/haobui/v2n/yocto_sc/build/../poky/meta/recipes-extended/go-examples/go-helloworld_0.1.bb:do_fetch
  /data3/haobui/v2n/yocto_sc/build/../poky/meta/recipes-connectivity/ofono/ofono_2.4.bb:do_fetch
  /data3/haobui/v2n/yocto_sc/build/../poky/meta/recipes-kernel/systemtap/systemtap_git.bb:do_fetch
  /data3/haobui/v2n/yocto_sc/build/../poky/meta/recipes-kernel/lttng/lttng-tools_2.13.13.bb:do_fetch
  /data3/haobui/v2n/yocto_sc/build/../poky/meta/recipes-kernel/blktrace/blktrace_git.bb:do_fetch
  /data3/haobui/v2n/yocto_sc/build/../poky/meta/recipes-kernel/lttng/babeltrace2_2.0.6.bb:do_fetch
  /data3/haobui/v2n/yocto_sc/build/../poky/meta/recipes-kernel/lttng/babeltrace_1.5.11.bb:do_fetch
  /data3/haobui/v2n/yocto_sc/build/../poky/meta/recipes-kernel/powertop/powertop_2.15.bb:do_fetch
  /data3/haobui/v2n/yocto_sc/build/../meta-openembedded/meta-oe/recipes-benchmark/bonnie/bonnie++_2.00a.bb:do_fetch
  /data3/haobui/v2n/yocto_sc/build/../poky/meta/recipes-extended/watchdog/watchdog_5.16.bb:do_fetch
  /data3/haobui/v2n/yocto_sc/build/../meta-openembedded/meta-oe/recipes-multimedia/v4l2apps/yavta_git.bb:do_fetch
  /data3/haobui/v2n/yocto_sc/build/../poky/meta/recipes-extended/ethtool/ethtool_6.7.bb:do_fetch
  /data3/haobui/v2n/yocto_sc/build/../meta-openembedded/meta-oe/recipes-support/ckermit/ckermit_302.bb:do_fetch
  /data3/haobui/v2n/yocto_sc/build/../meta-openembedded/meta-oe/recipes-benchmark/memtester/memtester_4.6.0.bb:do_fetch
  /data3/haobui/v2n/yocto_sc/build/../poky/meta/recipes-graphics/drm/libdrm_2.4.120.bb:do_fetch
  /data3/haobui/v2n/yocto_sc/build/../meta-openembedded/meta-oe/recipes-benchmark/iperf3/iperf3_3.16.bb:do_fetch
  /data3/haobui/v2n/yocto_sc/build/../meta-openembedded/meta-oe/recipes-multimedia/v4l2apps/v4l-utils_1.26.1.bb:do_fetch
  /data3/haobui/v2n/yocto_sc/build/../poky/meta/recipes-extended/minicom/minicom_2.9.bb:do_fetch
  /data3/haobui/v2n/yocto_sc/build/../poky/meta/recipes-devtools/i2c-tools/i2c-tools_4.3.bb:do_fetch
  /data3/haobui/v2n/yocto_sc/build/../poky/meta/recipes-devtools/tcf-agent/tcf-agent_git.bb:do_fetch
  /data3/haobui/v2n/yocto_sc/build/../poky/meta/recipes-devtools/dosfstools/dosfstools_4.2.bb:do_fetch
  /data3/haobui/v2n/yocto_sc/build/../poky/meta/recipes-devtools/mtd/mtd-utils_git.bb:do_fetch
  /data3/haobui/v2n/yocto_sc/build/../poky/meta/recipes-devtools/opkg-utils/opkg-utils_0.6.3.bb:do_fetch
  /data3/haobui/v2n/yocto_sc/build/../poky/meta/recipes-extended/shadow/shadow_4.14.2.bb:do_fetch
  /data3/haobui/v2n/yocto_sc/build/../poky/meta/recipes-core/netbase/netbase_6.4.bb:do_fetch
  /data3/haobui/v2n/yocto_sc/build/../poky/meta/recipes-core/util-linux/util-linux_2.39.3.bb:do_fetch
  /data3/haobui/v2n/yocto_sc/build/../poky/meta/recipes-core/base-passwd/base-passwd_3.6.3.bb:do_fetch
  /data3/haobui/v2n/yocto_sc/build/../poky/meta/recipes-core/busybox/busybox_1.36.1.bb:do_fetch
  virtual:native:/data3/haobui/v2n/yocto_sc/build/../poky/meta/recipes-support/debianutils/debianutils_5.16.bb:do_fetch
  /data3/haobui/v2n/yocto_sc/build/../poky/meta/recipes-core/systemd/systemd_255.4.bb:do_fetch
  virtual:native:/data3/haobui/v2n/yocto_sc/build/../poky/meta/recipes-devtools/python/python3-flit-core_3.9.0.bb:do_fetch
  virtual:native:/data3/haobui/v2n/yocto_sc/build/../poky/meta/recipes-core/gettext/gettext_0.22.5.bb:do_fetch
  virtual:native:/data3/haobui/v2n/yocto_sc/build/../poky/meta/recipes-support/gdbm/gdbm_1.23.bb:do_fetch
  virtual:native:/data3/haobui/v2n/yocto_sc/build/../poky/meta/recipes-support/libffi/libffi_3.4.6.bb:do_fetch
  /data3/haobui/v2n/yocto_sc/build/../poky/meta/recipes-core/zlib/zlib_1.3.1.bb:do_fetch
  virtual:native:/data3/haobui/v2n/yocto_sc/build/../poky/meta/recipes-devtools/libedit/libedit_20230828-3.1.bb:do_fetch
  virtual:native:/data3/haobui/v2n/yocto_sc/build/../poky/meta/recipes-extended/libnsl/libnsl2_git.bb:do_fetch
  virtual:native:/data3/haobui/v2n/yocto_sc/build/../poky/meta/recipes-extended/libtirpc/libtirpc_1.3.4.bb:do_fetch
  /data3/haobui/v2n/yocto_sc/build/../poky/meta/recipes-core/ncurses/ncurses_6.4.bb:do_fetch
  virtual:native:/data3/haobui/v2n/yocto_sc/build/../poky/meta/recipes-core/util-linux/util-linux-libuuid_2.39.3.bb:do_fetch
  /data3/haobui/v2n/yocto_sc/build/../meta-renesas/meta-rz-bsp/recipes-bsp/trusted-firmware-a/bptool-native.bb:do_fetch
  virtual:native:/data3/haobui/v2n/yocto_sc/build/../poky/meta/recipes-support/lzo/lzo_2.10.bb:do_fetch
  virtual:native:/data3/haobui/v2n/yocto_sc/build/../poky/meta/recipes-devtools/gnu-config/gnu-config_git.bb:do_fetch
  virtual:native:/data3/haobui/v2n/yocto_sc/build/../poky/meta/recipes-support/lz4/lz4_1.9.4.bb:do_fetch
  virtual:native:/data3/haobui/v2n/yocto_sc/build/../poky/meta/recipes-devtools/flex/flex_2.6.4.bb:do_fetch
  virtual:native:/data3/haobui/v2n/yocto_sc/build/../poky/meta/recipes-devtools/autoconf-archive/autoconf-archive_2023.02.20.bb:do_fetch
  virtual:native:/data3/haobui/v2n/yocto_sc/build/../poky/meta/recipes-devtools/nasm/nasm_2.16.03.bb:do_fetch
  /data3/haobui/v2n/yocto_sc/build/../poky/meta/recipes-core/glibc/glibc_2.39.bb:do_fetch
  virtual:native:/data3/haobui/v2n/yocto_sc/build/../poky/meta/recipes-kernel/dtc/dtc_1.7.0.bb:do_fetch
  /data3/haobui/v2n/yocto_sc/build/../poky/meta/recipes-connectivity/openssl/openssl_3.2.2.bb:do_fetch
  virtual:native:/data3/haobui/v2n/yocto_sc/build/../poky/meta/recipes-core/readline/readline_8.2.bb:do_fetch
  /data3/haobui/v2n/yocto_sc/build/../meta-renesas/meta-rz-bsp/recipes-bsp/u-boot/u-boot_2021.10.bb:do_fetch
  virtual:native:/data3/haobui/v2n/yocto_sc/build/../poky/meta/recipes-devtools/python/python3-build_1.1.1.bb:do_fetch
  virtual:native:/data3/haobui/v2n/yocto_sc/build/../poky/meta/recipes-devtools/python/python3-wheel_0.42.0.bb:do_fetch
  virtual:native:/data3/haobui/v2n/yocto_sc/build/../poky/meta/recipes-devtools/python/python3-installer_0.7.0.bb:do_fetch
  virtual:native:/data3/haobui/v2n/yocto_sc/build/../poky/meta/recipes-core/zlib/zlib_1.3.1.bb:do_fetch
  virtual:native:/data3/haobui/v2n/yocto_sc/build/../poky/meta/recipes-support/curl/curl_8.7.1.bb:do_fetch
  virtual:native:/data3/haobui/v2n/yocto_sc/build/../poky/meta/recipes-core/libxml/libxml2_2.12.8.bb:do_fetch
  virtual:native:/data3/haobui/v2n/yocto_sc/build/../poky/meta/recipes-core/expat/expat_2.6.2.bb:do_fetch
  virtual:native:/data3/haobui/v2n/yocto_sc/build/../poky/meta/recipes-devtools/libcomps/libcomps_0.1.20.bb:do_fetch
  virtual:native:/data3/haobui/v2n/yocto_sc/build/../poky/meta/recipes-devtools/libdnf/libdnf_0.73.1.bb:do_fetch
  virtual:native:/data3/haobui/v2n/yocto_sc/build/../poky/meta/recipes-core/glib-2.0/glib-2.0_2.78.6.bb:do_fetch
  virtual:native:/data3/haobui/v2n/yocto_sc/build/../poky/meta/recipes-devtools/python/python3-iniparse_0.5.bb:do_fetch
  virtual:native:/data3/haobui/v2n/yocto_sc/build/../poky/meta/recipes-devtools/librepo/librepo_1.17.0.bb:do_fetch
  /data3/haobui/v2n/yocto_sc/build/../poky/meta/recipes-devtools/cmake/cmake-native_3.28.3.bb:do_fetch
  virtual:native:/data3/haobui/v2n/yocto_sc/build/../poky/meta/recipes-devtools/ninja/ninja_1.11.1.bb:do_fetch
  virtual:native:/data3/haobui/v2n/yocto_sc/build/../poky/meta/recipes-support/popt/popt_1.19.bb:do_fetch
  /data3/haobui/v2n/yocto_sc/build/../poky/meta/recipes-core/gettext/gettext-minimal-native_0.22.5.bb:do_fetch
  /data3/haobui/v2n/yocto_sc/build/../poky/meta/recipes-devtools/qemu/qemu-native_8.2.3.bb:do_fetch
  virtual:native:/data3/haobui/v2n/yocto_sc/build/../poky/meta/recipes-extended/bzip2/bzip2_1.0.8.bb:do_fetch
  virtual:native:/data3/haobui/v2n/yocto_sc/build/../poky/meta/recipes-devtools/file/file_5.45.bb:do_fetch
  virtual:native:/data3/haobui/v2n/yocto_sc/build/../poky/meta/recipes-extended/zstd/zstd_1.5.5.bb:do_fetch
  virtual:native:/data3/haobui/v2n/yocto_sc/build/../poky/meta/recipes-support/libgcrypt/libgcrypt_1.10.3.bb:do_fetch
  virtual:native:/data3/haobui/v2n/yocto_sc/build/../poky/meta/recipes-devtools/lua/lua_5.4.6.bb:do_fetch
  virtual:native:/data3/haobui/v2n/yocto_sc/build/../poky/meta/recipes-devtools/perl/perl_5.38.2.bb:do_fetch
  virtual:native:/data3/haobui/v2n/yocto_sc/build/../poky/meta/recipes-devtools/elfutils/elfutils_0.191.bb:do_fetch
  virtual:native:/data3/haobui/v2n/yocto_sc/build/../poky/meta/recipes-connectivity/openssl/openssl_3.2.2.bb:do_fetch
  /data3/haobui/v2n/yocto_sc/build/../poky/meta/recipes-kernel/kern-tools/kern-tools-native_git.bb:do_fetch
  virtual:native:/data3/haobui/v2n/yocto_sc/build/../poky/meta/recipes-support/libmpc/libmpc_1.3.1.bb:do_fetch
  virtual:native:/data3/haobui/v2n/yocto_sc/build/../poky/meta/recipes-core/util-linux/util-linux_2.39.3.bb:do_fetch
  virtual:native:/data3/haobui/v2n/yocto_sc/build/../poky/meta/recipes-support/gmp/gmp_6.3.0.bb:do_fetch
  virtual:native:/data3/haobui/v2n/yocto_sc/build/../poky/meta/recipes-devtools/bison/bison_3.8.2.bb:do_fetch
  virtual:native:/data3/haobui/v2n/yocto_sc/build/../poky/meta/recipes-extended/bc/bc_1.07.1.bb:do_fetch
  virtual:native:/data3/haobui/v2n/yocto_sc/build/../poky/meta/recipes-core/ncurses/ncurses_6.4.bb:do_fetch
  virtual:native:/data3/haobui/v2n/yocto_sc/build/../poky/meta/recipes-support/sqlite/sqlite3_3.45.1.bb:do_fetch
  virtual:native:/data3/haobui/v2n/yocto_sc/build/../poky/meta/recipes-kernel/kmod/kmod_31.bb:do_fetch
  virtual:native:/data3/haobui/v2n/yocto_sc/build/../poky/meta/recipes-devtools/pkgconfig/pkgconfig_git.bb:do_fetch
  /data3/haobui/v2n/yocto_sc/build/../poky/meta/recipes-devtools/libtool/libtool-native_2.4.7.bb:do_fetch
  virtual:native:/data3/haobui/v2n/yocto_sc/build/../poky/meta/recipes-support/attr/attr_2.5.1.bb:do_fetch
  virtual:native:/data3/haobui/v2n/yocto_sc/build/../poky/meta/recipes-devtools/autoconf/autoconf_2.72e.bb:do_fetch
  virtual:native:/data3/haobui/v2n/yocto_sc/build/../poky/meta/recipes-devtools/automake/automake_1.16.5.bb:do_fetch
  virtual:native:/data3/haobui/v2n/yocto_sc/build/../poky/meta/recipes-devtools/python/python3-six_1.16.0.bb:do_fetch
  /data3/haobui/v2n/yocto_sc/build/../poky/meta/recipes-devtools/cdrtools/cdrtools-native_3.01.bb:do_fetch
  virtual:native:/data3/haobui/v2n/yocto_sc/build/../poky/meta/recipes-core/coreutils/coreutils_9.4.bb:do_fetch
  /data3/haobui/v2n/yocto_sc/build/../poky/meta/recipes-devtools/binutils/binutils-cross_2.42.bb:do_fetch
  virtual:native:/data3/haobui/v2n/yocto_sc/build/../poky/meta/recipes-devtools/python/python3-setuptools_69.1.1.bb:do_fetch
  virtual:native:/data3/haobui/v2n/yocto_sc/build/../poky/meta/recipes-devtools/squashfs-tools/squashfs-tools_git.bb:do_fetch
  virtual:native:/data3/haobui/v2n/yocto_sc/build/../poky/meta/recipes-devtools/btrfs-tools/btrfs-tools_6.7.1.bb:do_fetch
  virtual:native:/data3/haobui/v2n/yocto_sc/build/../poky/meta/recipes-devtools/erofs-utils/erofs-utils_1.7.1.bb:do_fetch
  virtual:native:/data3/haobui/v2n/yocto_sc/build/../poky/meta/recipes-devtools/python/python3_3.12.4.bb:do_fetch
  virtual:native:/data3/haobui/v2n/yocto_sc/build/../poky/meta/recipes-devtools/syslinux/syslinux_6.04-pre2.bb:do_fetch
  virtual:native:/data3/haobui/v2n/yocto_sc/build/../poky/meta/recipes-devtools/mtools/mtools_4.0.43.bb:do_fetch
  virtual:native:/data3/haobui/v2n/yocto_sc/build/../poky/meta/recipes-devtools/e2fsprogs/e2fsprogs_1.47.0.bb:do_fetch
  virtual:native:/data3/haobui/v2n/yocto_sc/build/../poky/meta/recipes-devtools/fdisk/gptfdisk_1.0.9.bb:do_fetch
  /data3/haobui/v2n/yocto_sc/build/../meta-renesas/meta-rz-bsp/recipes-bsp/trusted-firmware-a/trusted-firmware-a_2.7.0.bb:do_fetch
  virtual:native:/data3/haobui/v2n/yocto_sc/build/../poky/meta/recipes-devtools/dosfstools/dosfstools_4.2.bb:do_fetch
  virtual:native:/data3/haobui/v2n/yocto_sc/build/../poky/meta/recipes-extended/parted/parted_3.6.bb:do_fetch
  virtual:native:/data3/haobui/v2n/yocto_sc/build/../poky/meta/recipes-extended/pigz/pigz_2.8.bb:do_fetch
  virtual:native:/data3/haobui/v2n/yocto_sc/build/../poky/meta/recipes-extended/pbzip2/pbzip2_1.1.13.bb:do_fetch
  virtual:native:/data3/haobui/v2n/yocto_sc/build/../poky/meta/recipes-support/bmaptool/bmaptool_git.bb:do_fetch
  virtual:native:/data3/haobui/v2n/yocto_sc/build/../poky/meta/recipes-devtools/createrepo-c/createrepo-c_1.0.4.bb:do_fetch
  virtual:native:/data3/haobui/v2n/yocto_sc/build/../poky/meta/recipes-devtools/dnf/dnf_4.19.0.bb:do_fetch
  virtual:native:/data3/haobui/v2n/yocto_sc/build/../poky/meta/recipes-devtools/rpm/rpm_4.19.1.1.bb:do_fetch
  /data3/haobui/v2n/yocto_sc/build/../poky/meta/recipes-core/glibc/cross-localedef-native_2.39.bb:do_fetch
  virtual:native:/data3/haobui/v2n/yocto_sc/build/../poky/meta/recipes-core/update-rc.d/update-rc.d_0.8.bb:do_fetch
  virtual:native:/data3/haobui/v2n/yocto_sc/build/../poky/meta/recipes-devtools/opkg-utils/opkg-utils_0.6.3.bb:do_fetch
  /data3/haobui/v2n/yocto_sc/build/../meta-renesas/meta-rz-bsp/recipes-kernel/linux/linux-renesas_6.1.bb:do_fetch
  virtual:native:/data3/haobui/v2n/yocto_sc/build/../poky/meta/recipes-extended/xz/xz_5.4.6.bb:do_fetch
  virtual:native:/data3/haobui/v2n/yocto_sc/build/../poky/meta/recipes-devtools/pseudo/pseudo_git.bb:do_fetch
  /data3/haobui/v2n/yocto_sc/build/../poky/meta/recipes-devtools/quilt/quilt-native_0.67.bb:do_fetch
  virtual:native:/data3/haobui/v2n/yocto_sc/build/../poky/meta/recipes-devtools/patch/patch_2.7.6.bb:do_fetch
Summary: There were 2 WARNING messages.
Summary: There were 342 ERROR messages, returning a non-zero exit code.
